Stael,Tesla,least,slate,stale,steal,tales,teals
pares,parse,pears,rapes,reaps,spare,spear
carets,caster,caters,crates,reacts,recast,traces
Post,opts,post,pots,spot,stop,tops
Castor,Castro,Croats,actors,castor,costar,scrota
Bates,abets,baste,bates,beast,beats,betas
palest,pastel,petals,plates,pleats,staple
lapse,leaps,pales,peals,pleas,sepal
drapes,padres,parsed,rasped,spared,spread
caret,cater,crate,react,recta,trace
Stein,Stine,inset,nites,stein,tines
Spears,parses,passer,spares,sparse,spears
Seton,Stone,notes,onset,stone,tones
Sabre,bares,baser,bears,saber,sabre
Moran,Norma,Ramon,Roman,manor,roman
Mister,merits,mister,miters,remits,timers
Miles,Selim,limes,miles,slime,smile
Leno,Leon,Noel,Olen,lone,noel
Lane,Lean,Lena,Neal,lane,lean
Keats,skate,stake,steak,takes,teaks
Ingres,Singer,reigns,resign,signer,singer
Forest,Foster,forest,fortes,foster,softer
Ester,ester,reset,steer,terse,trees
Eros,Rose,ores,roes,rose,sore
Elsa,Lesa,ales,leas,sale,seal
Elam,Elma,Male,lame,male,meal
East,east,eats,sate,seat,teas
Dale,Leda,dale,deal,lade,lead
Beard,Debra,bared,beard,bread,debar
Ares,ares,ears,eras,sear,sera
Andes,Danes,Sedna,Snead,deans,sedan
Alger,Elgar,glare,lager,large,regal
Aden,Dane,Dean,Dena,Edna,dean
restrain,retrains,strainer,terrains,trainers
reins,resin,rinse,risen,siren
pores,poser,prose,ropes,spore
persist,priests,spriest,sprites,stripes
paste,pates,septa,spate,tapes
parts,sprat,strap,tarps,traps
parleys,parsley,players,replays,sparely
mates,meats,steam,tames,teams
hares,hears,rheas,share,shear
enlist,inlets,listen,silent,tinsel
emits,items,mites,smite,times
drawer,redraw,reward,warder,warred
deltas,lasted,salted,slated,staled
dearths,hardest,hatreds,threads,trashed
capers,crapes,parsec,recaps,scrape
aster,rates,stare,tares,tears
arts,rats,star,tars,tsar
arced,cadre,cared,cedar,raced
angered,derange,enraged,grandee,grenade
alerting,altering,integral,relating,triangle
Ulster,luster,lustre,result,rustle
Tosca,ascot,coast,coats,tacos
Tide,diet,edit,tide,tied
Tangiers,angriest,gantries,ingrates,rangiest
Sung,gnus,guns,snug,sung
Sprite,priest,ripest,sprite,stripe
Slater,alerts,alters,salter,staler
Salem,Selma,lames,males,meals
Sahel,hales,heals,leash,shale
SAP,asp,pas,sap,spa
Patel,leapt,petal,plate,pleat
Mensa,manes,manse,means,names
Mantle,lament,mantel,mantle,mental
Mabel,Mable,Melba,amble,blame
Lois,oils,silo,soil,soli
Levi,evil,live,veil,vile
Kendra,danker,darken,narked,ranked
Hera,Rhea,hare,hear,rhea
Hank,Khan,ankh,hank,khan
Gore,Roeg,ergo,gore,ogre
Ernst,Stern,rents,stern,terns
Ernest,Sterne,enters,resent,tenser
Enos,eons,noes,nose,ones
Elanor,Elnora,Lenora,Lorena,loaner
Edam,Mead,dame,made,mead
Easts,Tessa,asset,sates,seats
Earth,Harte,earth,hater,heart
Earp,pare,pear,rape,reap
Earnest,Eastern,earnest,eastern,nearest
Drano,NORAD,Ronda,adorn,radon
Dniester,inserted,nerdiest,resident,trendies
Darin,Indra,Randi,drain,nadir
Cretan,canter,nectar,recant,trance
Cesar,acres,cares,races,scare
Astor,Sarto,roast,sorta,taros
Arno,Aron,Nora,Oran,roan
Armani,Marian,Marina,airman,marina
Angel,Galen,angel,angle,glean
Acts,acts,cast,cats,scat
Abel,Bela,Elba,able,bale
slates,stales,steals,tassel
skating,staking,takings,tasking
setters,streets,tersest,testers
serve,sever,veers,verse
rues,ruse,sure,user
rites,tiers,tires,tries
riots,tiros,torsi,trios
reserve,reveres,reverse,severer
refits,rifest,sifter,strife
reduces,rescued,secured,seducer
rated,tared,trade,tread
pintos,piston,pitons,points
penis,pines,snipe,spine
past,pats,spat,taps
parties,pastier,pirates,traipse
part,rapt,tarp,trap
pars,raps,rasp,spar
parroted,predator,prorated,teardrop
parries,rapiers,raspier,repairs
parley,pearly,player,replay
parings,parsing,rasping,sparing
painters,pantries,pertains,repaints
nope,open,peon,pone
nips,pins,snip,spin
nest,nets,sent,tens
naps,pans,snap,span
merit,miter,remit,timer
mate,meat,tame,team
loops,pools,sloop,spool
leap,pale,peal,plea
lasting,salting,slating,staling
last,lats,salt,slat
lameness,maleness,nameless,salesmen
lairs,liars,liras,rails
lair,liar,lira,rail
iterates,teariest,treaties,treatise
ingress,resigns,signers,singers
idlest,listed,silted,tildes
huts,shut,thus,tush
granite,ingrate,tangier,tearing
filets,fliest,itself,stifle
esters,resets,serest,steers
enlists,listens,silents,tinsels
emit,item,mite,time
emirs,mires,miser,rimes
editors,sortied,steroid,storied
earns,nears,saner,snare
drawers,redraws,rewards,warders
drape,padre,pared,raped
diets,edits,sited,tides
deposit,dopiest,posited,topside
depart,parted,petard,prated
dentin,indent,intend,tinned
delis,idles,sidle,slide
deigns,design,signed,singed
dearer,reader,reared,reread
danger,gander,garden,ranged
dales,deals,lades,leads
construe,counters,recounts,trounces
coins,icons,scion,sonic
claimed,decimal,declaim,medical
carpels,parcels,placers,scalper
canters,recants,scanter,trances
cadres,cedars,sacred,scared
bust,buts,stub,tubs
brutes,buster,rebuts,tubers
bruise,buries,busier,rubies
bluest,bustle,sublet,subtle
bast,bats,stab,tabs
ate,eat,eta,tea
asps,pass,saps,spas
aspired,despair,diapers,praised
artsy,satyr,stray,trays
artiest,artiste,attires,tastier
antis,saint,satin,stain
ankhs,hanks,khans,shank
angrier,earring,rangier,rearing
amen,mane,mean,name
ambled,bedlam,blamed,lambed
allergy,gallery,largely,regally
alerted,altered,related,treadle
ablest,bleats,stable,tables
abet,bate,beat,beta
Wolf,flow,fowl,wolf
West,stew,west,wets
Waters,rawest,waster,waters
Wasp,paws,swap,wasp
Troyes,oyster,storey,tyroes
Tory,Troy,troy,tyro
Torres,resort,roster,sorter
Thermos,mothers,smother,thermos
Teri,rite,tier,tire
South,shout,south,thous
Snow,owns,snow,sown
Snider,diners,rinsed,snider
Sheri,heirs,hires,shire
Shaw,Wash,haws,wash
Sharpe,Sherpa,phrase,seraph
Sept,pest,pets,step
Scheat,chaste,cheats,sachet
Sartre,arrest,rarest,raster
Sargon,groans,organs,sarong
Sang,nags,sang,snag
Sadie,aides,aside,ideas
Ruth,Thur,hurt,thru
Roche,chore,ocher,ochre
Rhodes,hordes,horsed,shored
Reva,Vera,aver,rave
Reid,Ride,dire,ride
Rae,are,ear,era
Polo,loop,polo,pool
Poles,lopes,poles,slope
Petra,apter,prate,taper
Peters,pester,peters,preset
Persia,aspire,praise,spirea
Pecos,copes,copse,scope
Pate,pate,peat,tape
Pat,apt,pat,tap
Opel,Pole,lope,pole
Oder,doer,redo,rode
Nestor,Sterno,tenors,tensor
Nepal,panel,penal,plane
Neil,Nile,lien,line
Negroid,eroding,ignored,redoing
Napster,entraps,parents,pastern
Moor,Moro,moor,room
Miss,Sims,isms,miss
Mesa,mesa,same,seam
Meir,emir,mire,rime
Medan,admen,amend,named
Mason,Osman,mason,moans
Mars,arms,mars,rams
Marines,marines,remains,seminar
Marine,airmen,marine,remain
Mar,arm,mar,ram
Manley,laymen,meanly,namely
Madden,damned,demand,madden
Mace,acme,came,mace
Lhotse,helots,hostel,hotels
Leta,late,tale,teal
Leos,lose,sloe,sole
Leif,file,lief,life
Leary,early,layer,relay
Latiner,latrine,reliant,retinal
Laredo,loader,ordeal,reload
Kroc,Rock,cork,rock
Kirsten,Kristen,stinker,tinkers
It,Ti,it,ti
Irma,Mari,Mira,amir
Hearst,earths,haters,hearts
Hardy,Hydra,hardy,hydra
Hale,Leah,hale,heal
Hades,ashed,heads,shade
Glaser,glares,lagers,larges
Fidel,field,filed,flied
Fates,fates,feast,feats
Evan,Neva,nave,vane
Etna,Nate,ante,neat
Erna,Rena,earn,near
Eris,reis,rise,sire
Epson,opens,peons,pones
Elvis,evils,lives,veils
Elva,Vela,vale,veal
Eli,Lie,lei,lie
Edwin,Wendi,widen,wined
Easter,Teresa,eaters,teaser
Earl,Lear,earl,real
Duse,dues,sued,used
Dorset,sorted,stored,strode
Dis,Sid,dis,ids
Dare,dare,dear,read
Daniel,alined,denial,nailed
Damien,Medina,maiden,median
Dali,Dial,dial,laid
Croesus,courses,sources,sucrose
Cortes,corset,escort,sector
Clay,Lacy,clay,lacy
China,Icahn,chain,china
Carter,Crater,crater,tracer
Carlo,Carol,carol,coral
Capitol,capitol,optical,topical
Cantor,Carnot,cantor,carton
Brain,Brian,Rabin,brain
Brad,bard,brad,drab
Boers,bores,robes,sober
Boer,Ebro,bore,robe
Begin,begin,being,binge
Batu,abut,tabu,tuba
Baker,baker,brake,break
Avis,Siva,Visa,visa
Atari,Atria,atria,tiara
Aspen,aspen,napes,panes
Art,art,rat,tar
Anglo,Golan,Logan,along
Andrew,wander,warden,warned
Andre,Arden,Daren,Nader
Amy,May,may,yam
Alps,laps,pals,slap
whiter,wither,writhe
weirs,wires,wiser
weird,wider,wired
weather,whereat,wreathe
tow,two,wot
throw,worth,wroth
thickest,thickets,thickset
swelter,welters,wrestle
swear,wares,wears
sway,ways,yaws
swath,thaws,whats
stumbler,tumblers,tumbrels
stow,tows,twos
story,troys,tyros
stiller,tillers,trellis
stater,taster,treats
state,taste,teats
stared,trades,treads
sower,swore,worse
sonnet,tenons,tonnes
skates,stakes,steaks
skater,streak,takers
skated,staked,tasked
sinew,swine,wines
sheet,thees,these
setter,street,tester
serves,severs,verses
seated,sedate,teased
salve,slave,vales
rowdier,wordier,worried
routs,torus,tours
rots,sort,tors
rosiest,sorties,stories
roost,roots,torso
riot,tiro,trio
rickets,sticker,tickers
retrain,terrain,trainer
retired,retried,tireder
retinue,reunite,uterine
retards,starred,traders
retard,tarred,trader
respects,scepters,specters
respect,scepter,specter
resorts,rosters,sorters
resistor,roisters,sorriest
resins,rinses,sirens
reprising,respiring,springier
relives,reviles,servile
realist,retails,saltier
reales,resale,sealer
ravels,salver,slaver
rattles,starlet,startle
rate,tare,tear
rashes,shares,shears
pus,sup,ups
printers,reprints,sprinter
present,repents,serpent
prays,raspy,spray
prates,repast,tapers
potters,protest,spotter
postured,proudest,sprouted
posts,spots,stops
poster,presto,tropes
ports,sport,strop
platters,prattles,splatter
pits,spit,tips
pinto,piton,point
pilots,pistol,spoilt
piles,plies,spiel
piers,pries,spire
pierces,precise,recipes
pesos,poses,posse
peruse,purees,rupees
pertness,presents,serpents
pelts,slept,spelt
peaks,spake,speak
pays,spay,yaps
pastries,raspiest,traipses
parental,paternal,prenatal
palsy,plays,splay
paled,pedal,plead
painter,pertain,repaint
overs,roves,servo
outtakes,stakeout,takeouts
opt,pot,top
observe,obverse,verbose
nuts,stun,tuns
now,own,won
nits,snit,tins
news,sewn,wens
neuters,tenures,tureens
neuter,tenure,tureen
nastier,retains,retinas
naivest,natives,vainest
naiver,ravine,vainer
nails,slain,snail
motes,smote,tomes
misting,smiting,timings
mesas,sames,seams
meets,metes,teems
meet,mete,teem
master,stream,tamers
mast,mats,tams
marts,smart,trams
mares,reams,smear
manured,maunder,unarmed
magnetos,megatons,montages
magneto,megaton,montage
lumps,plums,slump
lumbers,rumbles,slumber
lows,owls,slow
lowest,owlets,towels
lowers,rowels,slower
loves,solve,voles
lost,lots,slot
loses,sloes,soles
lops,pols,slop
loots,stool,tools
loosed,oodles,soloed
looped,poodle,pooled
loaders,ordeals,reloads
livers,silver,sliver
lists,silts,slits
listener,reenlist,silenter
list,silt,slit
lips,lisp,slip
lingos,losing,soling
lilts,still,tills
liefer,refile,relief
letters,settler,trestle
lemons,melons,solemn
leggins,negligs,niggles
leggin,neglig,niggle
leeriest,sleetier,steelier
layers,relays,slayer
layering,relaying,yearling
lasts,salts,slats
lapsing,palings,sapling
lapses,passel,sepals
lapsed,pedals,pleads
lamps,palms,psalm
laments,mantels,mantles
lakes,leaks,slake
kilns,links,slink
kilned,kindle,linked
keels,leeks,sleek
kale,lake,leak
islets,sliest,stiles
islet,stile,tiles
isle,leis,lies
interim,mintier,termini
insoles,lesions,lioness
inks,sink,skin
inkling,kilning,linking
ingest,signet,tinges
inert,inter,niter
incest,insect,nicest
impress,premiss,simpers
ideals,ladies,sailed
iTunes,unites,unties
hustles,lushest,sleuths
hornets,shorten,thrones
hops,posh,shop
hoots,shoot,sooth
hoes,hose,shoe
hits,shit,this
hikers,shriek,shrike
heros,horse,shore
herds,sherd,shred
heaps,phase,shape
hatters,shatter,threats
haste,hates,heats
hams,mash,sham
halts,laths,shalt
halters,lathers,slather
gust,guts,tugs
gunshot,noughts,shotgun
gums,mugs,smug
grouse,rogues,rouges
grips,prigs,sprig
gory,gyro,orgy
gores,gorse,ogres
goiters,goitres,goriest
gnarliest,integrals,triangles
girts,grist,grits
girt,grit,trig
gins,sign,sing
gentries,integers,steering
gentiles,sleeting,steeling
gears,rages,sager
gash,hags,shag
garrets,garters,graters
garret,garter,grater
gals,lags,slag
flows,fowls,wolfs
flowing,fowling,wolfing
flowed,fowled,wolfed
fliers,lifers,rifles
flier,lifer,rifle
fist,fits,sift
feints,finest,infest
fate,feat,feta
farts,frats,rafts
fart,frat,raft
fares,fears,safer
false,fleas,leafs
ewer,weer,were
evilly,lively,vilely
eviler,relive,revile
ether,there,three
estranges,greatness,sergeants
estrange,reagents,sergeant
erasing,regains,searing
entails,salient,saltine
enlisting,listening,tinseling
enlisted,listened,tinseled
enigmas,gamines,seaming
endive,envied,veined
emigrants,mastering,streaming
emanate,enemata,manatee
elating,gelatin,genital
eighths,heights,highest
eels,else,lees
earthling,haltering,lathering
earning,grannie,nearing
earned,endear,neared
earls,laser,reals
duster,rudest,rusted
dueling,eluding,indulge
dries,rides,sired
draws,sward,wards
dowry,rowdy,wordy
dowries,rowdies,weirdos
doubters,obtrudes,redoubts
doubter,obtrude,redoubt
doors,odors,roods
door,odor,rood
doles,lodes,soled
does,dose,odes
dissenter,residents,tiredness
disk,kids,skid
direst,driest,stride
direr,drier,rider
dimer,mired,rimed
dieting,editing,ignited
dies,ides,side
diaper,paired,repaid
detour,routed,toured
detains,instead,stained
detail,dilate,tailed
desiring,residing,ringside
desire,eiders,reside
designer,redesign,resigned
desert,deters,rested
derives,diverse,revised
derides,desired,resided
deranges,grandees,grenades
derail,railed,relaid
depots,despot,posted
denser,resend,sender
dens,ends,send
demos,domes,modes
demo,dome,mode
demerit,merited,mitered
delude,dueled,eluded
delivers,silvered,slivered
deliver,relived,reviled
deli,idle,lied
deletes,sleeted,steeled
deforest,forested,fostered
declines,licensed,silenced
decimals,declaims,medicals
decants,descant,scanted
dearth,hatred,thread
deafest,defeats,feasted
dawdles,swaddle,waddles
dates,sated,stead
dares,dears,reads
dangers,ganders,gardens
dafter,farted,rafted
cruet,cuter,truce
cruel,lucre,ulcer
crocus,occurs,succor
critters,restrict,stricter
credos,decors,scored
cratering,retracing,terracing
cratered,retraced,terraced
coursing,scouring,sourcing
coursed,scoured,sourced
countries,cretinous,neurotics
counter,recount,trounce
corsets,escorts,sectors
cored,credo,decor
compiles,complies,polemics
clods,colds,scold
claps,clasp,scalp
cinders,discern,rescind
cider,cried,riced
cheaters,hectares,teachers
cheater,hectare,teacher
chastens,snatches,stanches
chants,snatch,stanch
chalets,latches,satchel
cesium,eMusic,miscue
cattiness,scantiest,tacitness
catering,creating,reacting
caterers,retraces,terraces
caterer,retrace,terrace
catered,created,reacted
carting,crating,tracing
cartels,clarets,scarlet
cartel,claret,rectal
carted,crated,traced
carps,craps,scrap
carpel,parcel,placer
capes,paces,space
caper,crape,recap
cantered,decanter,recanted
callers,cellars,recalls
caller,cellar,recall
calks,lacks,slack
caisson,casinos,cassino
burble,lubber,rubble
buns,nubs,snub
brute,rebut,tuber
braised,seabird,sidebar
brags,garbs,grabs
brag,garb,grab
bounders,rebounds,suborned
bluster,butlers,subtler
blamer,marble,ramble
binder,inbred,rebind
berated,debater,rebated
below,bowel,elbow
begins,beings,binges
beaters,berates,rebates
beater,berate,rebate
beastlier,bleariest,liberates
beards,breads,debars
battier,biretta,terabit
basest,bastes,beasts
barked,braked,debark
barely,barley,bleary
bards,brads,drabs
baldest,blasted,stabled
bakers,brakes,breaks
badger,barged,garbed
ayes,easy,yeas
awls,laws,slaw
averts,starve,vaster
avers,raves,saver
auctioned,cautioned,education
astride,staider,tirades
astir,sitar,stair
assert,asters,stares
aspires,praises,spireas
asleep,elapse,please
ascent,enacts,stance
artist,strait,traits
arson,roans,sonar
arrested,retreads,serrated
argon,groan,organ
arcs,cars,scar
arcing,caring,racing
arches,chaser,search
apes,apse,peas
antler,learnt,rental
anteing,antigen,gentian
angst,gnats,tangs
angels,angles,gleans
anew,wane,wean
ancients,canniest,instance
ambling,blaming,lambing
alms,lams,slam
aligned,dealing,leading
aliens,alines,saline
alert,alter,later
albs,labs,slab
airings,arising,raising
aids,dais,said
agnostic,coasting,coatings
adroitly,dilatory,idolatry
admires,misread,sidearm
adheres,headers,sheared
adders,dreads,sadder
adder,dared,dread
actress,casters,recasts
acre,care,race
abuts,tabus,tubas
abed,bade,bead
Ypres,preys,pyres
Yates,Yeats,yeast
Yanks,snaky,yanks
Wonder,downer,wonder
Wilde,wield,wiled
Wesak,askew,wakes
Wells,swell,wells
Wed,dew,wed
Warner,Warren,warren
Ware,ware,wear
Ward,draw,ward
Wales,wales,weals
Wake,wake,weak
Wade,awed,wade
Verne,nerve,never
Verdi,diver,drive
Urban,unbar,urban
Unions,unions,unison
UBS,bus,sub
Turner,return,turner
Tums,must,smut
Tucson,Tuscon,counts
Tomas,atoms,moats
Toledo,looted,tooled
Tlingit,tilting,titling
Titan,taint,titan
Theron,hornet,throne
Theresa,heaters,reheats
Thea,hate,heat
Thales,halest,lathes
Thais,Tisha,saith
Terry,retry,terry
Terran,errant,ranter
Teller,retell,teller
Teheran,earthen,hearten
Sweet,sweet,weest
Swede,sewed,weeds
Sumerian,Suriname,aneurism
Sue,sue,use
Sucre,cures,curse
Stout,stout,touts
Sterling,ringlets,sterling
Staples,pastels,staples
Stan,ants,tans
Sprint,prints,sprint
Speer,peers,spree
Spam,amps,maps
Solis,silos,soils
Sodom,dooms,moods
Socrates,coarsest,coasters
Snake,snake,sneak
Smuts,musts,smuts
Small,malls,small
Sloan,loans,salon
Slavic,Vlasic,cavils
Sisters,resists,sisters
Sister,resist,sister
Sinatra,artisan,tsarina
Silas,sails,sisal
Sibyl,Sybil,sibyl
Shula,hauls,hulas
Shepard,phrased,sharped
Sharp,harps,sharp
Serra,rares,rears
Serbia,braise,rabies
Senior,nosier,senior
Senator,senator,treason
Senate,sateen,senate
Sellers,resells,sellers
Sega,ages,sage
Seder,deers,reeds
Scud,cuds,scud
Scot,cost,cots
Scopes,copses,scopes
Satanism,mantissa,satanism
Sargent,garnets,strange
Sanger,angers,ranges
Ryan,nary,yarn
Ruby,bury,ruby
Rove,over,rove
Rosetta,rotates,toaster
Rosa,oars,soar
Romans,manors,ransom
Rob,orb,rob
Roach,Rocha,roach
Riel,lire,rile
Rep,per,rep
Regor,Roger,roger
Reeves,reeves,severe
Reed,deer,reed
Reba,bare,bear
RCA,arc,car
Psalters,plasters,staplers
Psalter,plaster,stapler
Proust,sprout,stupor
Proteus,posture,troupes
Prince,pincer,prince
Porter,porter,report
Pooh,hoop,pooh
Pigmy,gimpy,pigmy
Pierce,pierce,recipe
Petersen,preteens,pretense
Pena,nape,pane
Peel,Pele,peel
Pedro,pored,roped
Peary,payer,repay
Pearl,paler,pearl
Patsy,pasty,patsy
Parks,parks,spark
Paris,Parsi,pairs
Pan,nap,pan
Pam,amp,map
Page,gape,page
Pace,cape,pace
Otto,Toto,toot
Osbert,sorbet,strobe
Ortega,Tagore,garote
Orleans,Salerno,loaners
Orientals,orientals,relations
Oriental,oriental,relation
Orient,orient,tonier
Oort,Root,root
Olson,Solon,loons
Olive,olive,voile
Olin,lion,loin
Olaf,foal,loaf
Odom,doom,mood
North,north,thorn
Noels,Olsen,noels
Noe,eon,one
Nobel,Noble,noble
Nita,Tina,anti
Nevis,veins,vines
Nereid,denier,reined
Nemesis,Siemens,nemesis
Ned,den,end
Nation,anoint,nation
Nat,ant,tan
Nassau,Susana,saunas
Naples,panels,planes
Napier,panier,rapine
Myrtle,myrtle,termly
Muse,emus,muse
Ms,Sm,ms
Morse,Romes,mores
More,Rome,more
Moors,moors,rooms
Moon,mono,moon
Mona,Oman,moan
Moet,mote,tome
Mercado,caromed,comrade
Meg,gem,meg
Media,aimed,media
Meade,Medea,edema
Masters,masters,streams
Masons,Samson,masons
Mary,Myra,army
Martial,marital,martial
Marsh,harms,marsh
Marple,Palmer,ampler
Marlon,Molnar,normal
Margie,gamier,mirage
Marcos,caroms,macros
Marco,carom,macro
March,charm,march
Marat,Marta,Tamra
Maori,Mario,Moira
Maoism,Mimosa,mimosa
Man,Nam,man
Malians,Manilas,animals
Malian,Manila,animal
Maigret,migrate,ragtime
Mai,Mia,aim
Madras,dramas,madras
Love,love,vole
Louvre,louver,velour
Loren,enrol,loner
Lodge,lodge,ogled
Loafer,florae,loafer
Lisa,ails,sail
Lina,lain,nail
Lima,Mali,mail
Lewis,Wiles,wiles
Leona,Oneal,alone
Lego,loge,ogle
Left,felt,left
Lee,eel,lee
Lea,ale,lea
Laurent,Renault,neutral
Lauren,neural,unreal
Laurel,allure,laurel
Laud,dual,laud
Latins,Stalin,instal
Lassie,aisles,lassie
Lassa,Salas,salsa
Lance,clean,lance
Lamb,balm,lamb
Lamar,Marla,alarm
Kris,irks,risk
Kramer,marker,remark
Klein,Kline,liken
Klee,keel,leek
Kate,take,teak
Jason,Jonas,Sonja
Jaime,Jamie,Mejia
Ives,vies,vise
Israels,airless,serials
Isolde,oldies,soiled
Ismael,Melisa,emails
Iran,Nair,rain
Inonu,Union,union
Ingram,arming,margin
In,Ni,in
Imelda,mailed,medial
Ian,Ina,ani
Hurst,Thurs,hurts
Horne,Rhone,heron
Hooters,hooters,shooter
Ho,ho,oh
Herod,Rhode,horde
Hells,Shell,shell
He,eh,he
Hays,ashy,hays
Hart,Thar,hart
Handy,Haydn,handy
Hamlet,Thelma,hamlet
Griffin,griffin,riffing
Greta,grate,great
Green,genre,green
Goren,Negro,goner
Golden,golden,longed
God,dog,god
Glenda,angled,dangle
Glass,glass,slags
Ginsu,suing,using
Ginger,ginger,nigger
Gerard,grader,regard
Genesis,genesis,seeings
Genaro,Orange,orange
Gates,gates,stage
Gary,Gray,gray
Garner,garner,ranger
Gael,Gale,gale
Gable,bagel,gable
Frost,forts,frost
Forester,forester,reforest
Fielding,defiling,fielding
Fern,Nerf,fern
Farmer,farmer,framer
Evian,Nivea,naive
Evans,naves,vanes
Etta,Tate,teat
Eton,note,tone
Esther,Hester,threes
Estela,elates,teasel
Es,Se,es
Erse,seer,sere
Erma,mare,ream
Eric,Rice,rice
Erewhon,nowhere,whereon
Er,Re,re
Epsom,mopes,poems
Emil,lime,mile
Emery,Meyer,emery
Emacs,acmes,maces
Elmo,Lome,mole
Elisha,Sheila,Shelia
Elias,Elisa,aisle
Edgar,grade,raged
Edens,dense,needs
Eddy,dyed,eddy
Ebony,boney,ebony
Eaton,atone,oaten
Dvina,divan,viand
Dusty,dusty,study
Drake,drake,raked
Dover,drove,roved
Dot,Tod,dot
Dorian,inroad,ordain
Don,don,nod
Dolly,Lloyd,dolly
Dole,dole,lode
Doe,doe,ode
Dipper,dipper,ripped
Dino,Dion,Odin
Diesel,diesel,elides
Diana,Nadia,naiad
Devi,dive,vied
Derick,dicker,ricked
Deon,done,node
Denver,nerved,vender
Denis,dines,snide
Delta,dealt,delta
Deloris,soldier,solider
Delia,ailed,ideal
Debs,beds,debs
Dawn,dawn,wand
Dawes,sawed,wades
Davies,advise,visaed
Darling,darling,larding
Darlene,Leander,learned
Dannie,Dianne,Nadine
Daniels,denials,snailed
Custer,cruets,truces
Curtis,citrus,rustic
Cs,Sc,cs
Crusoe,course,source
Cruise,cruise,curies
Crimea,Marcie,Mercia
Creator,creator,reactor
Creation,creation,reaction
Crane,crane,nacre
Corey,Royce,coyer
Conrad,Dacron,candor
Colt,clot,colt
Colo,cool,loco
Clio,coil,loci
Chester,etchers,retches
Cheri,Erich,Reich
Chase,aches,chase
Cato,coat,taco
Case,aces,case
Cary,Cray,racy
Cartesian,ascertain,sectarian
Carole,Oracle,oracle
Carmine,Crimean,carmine
Carlos,carols,corals
Canton,cannot,canton
Canon,Conan,canon
Canaries,canaries,cesarian
Bush,bush,hubs
Bud,bud,dub
Btu,but,tub
Bryon,Byron,Robyn
Brandie,bandier,brained
Bran,barn,bran
Brailles,ballsier,liberals
Braille,braille,liberal
Brahe,Haber,rehab
Bowers,bowers,browse
Born,Brno,born
Best,best,bets
Bertha,bather,breath
Bellow,Bowell,bellow
Bean,bane,bean
Battle,battle,tablet
Basil,bails,basil
Basel,bales,sable
Baroda,aboard,abroad
Balder,balder,blared
Baird,braid,rabid
Avon,Nova,nova
Attic,attic,tacit
Ats,Sat,sat
At,Ta,at
Arnold,Roland,Ronald
Aries,arise,raise
Apr,par,rap
Annmarie,Armenian,Marianne
Andrews,wanders,wardens
Andres,sander,snared
Am,am,ma
Alton,talon,tonal
Alston,Salton,talons
Alpo,Opal,opal
Alpine,Nepali,alpine
Allie,Leila,Lelia
Aline,alien,aline
Ali,Ila,ail
Algenib,Belgian,Bengali
Alden,Nelda,laden
Alcestis,elastics,scaliest
Alar,Aral,Lara
Alan,Lana,anal
Al,La,la
Agra,agar,raga
Agni,Gina,gain
Advil,Vidal,valid
AOL,Lao,Ola
wrist,writs
wriest,writes
woodworm,wormwood
withers,writhes
wist,wits
wigglers,wriggles
wiggler,wriggle
whit,with
whist,whits
wheedle,wheeled
whales,wheals
whale,wheal
weir,wire
weathers,wreathes
way,yaw
warps,wraps
warp,wrap
wanes,weans
wale,weal
waiver,wavier
waiters,wariest
waist,waits
vowels,wolves
views,wives
view,wive
veto,vote
vest,vets
vein,vine
vast,vats
unreadiest,unsteadier
united,untied
unite,untie
undersigns,undressing
underflow,wonderful
unaltered,unrelated
twist,twits
tunes,unset
tuners,unrest
tumbler,tumbrel
truest,utters
trouts,tutors
trout,tutor
tribunes,turbines
tribune,turbine
travels,varlets
travel,varlet
trails,trials
trailing,trialing
trailed,trialed
trail,trial
town,wont
tower,wrote
tost,tots
torts,trots
tort,trot
torpid,tripod
torpedo,trooped
tocsin,tonics
toady,today
titters,tritest
tired,tried
timbers,timbres
timber,timbre
tilted,titled
tilde,tiled
thrust,truths
theist,tithes
theaters,theatres
theater,theatre
thaw,what
terrapins,transpire
tenor,toner
tenon,tonne
teens,tense
teazels,teazles
teazel,teazle
teaspoonfuls,teaspoonsful
tartest,tatters
tardier,tarried
tannest,tenants
taints,titans
tablespoonfuls,tablespoonsful
sword,words
swisher,wishers
swipe,wipes
swinger,wingers
swing,wings
swindles,wildness
swill,wills
swig,wigs
swelters,wrestles
sweeping,weepings
sweeper,weepers
sweep,weeps
sweats,wastes
sweatier,weariest
sweat,waste
swearer,wearers
swarthiest,sweatshirt
swarm,warms
swaps,wasps
swallow,wallows
swag,wags
suture,uterus
surge,urges
supper,uppers
sunspot,unstops
sunders,undress
sundering,undersign
sunburned,unburdens
sunblock,unblocks
sump,umps
suites,tissue
sues,uses
stye,yest
stumble,tumbles
student,stunted
stuck,tucks
struts,trusts
strut,trust
strumpet,trumpets
struck,trucks
strove,voters
stroll,trolls
striptease,tapestries
strip,trips
strike,trikes
strident,tridents
striated,tardiest
strews,wrests
strewing,wresting
strewed,wrested
strew,wrest
straw,warts
strapping,trappings
strain,trains
stove,votes
stopping,toppings
stokers,strokes
stoker,stroke
stoke,tokes
stoats,toasts
stoat,toast
stipple,tipples
stint,tints
stingray,straying
sting,tings
stilt,tilts
stiff,tiffs
stickler,trickles
stick,ticks
stewing,twinges
stewed,tweeds
steward,strawed
stayed,steady
staunched,unscathed
statute,tautest
stating,tasting
stateside,steadiest
states,tastes
statements,testaments
statement,testament
stateless,tasteless
stated,tasted
start,tarts
stars,tsars
starlets,startles
stank,tanks
stamp,tamps
stalker,talkers
stalk,talks
stag,tags
stack,tacks
sprouts,stupors
sprats,straps
spouts,tossup
spotlights,stoplights
spotlight,stoplight
sports,strops
spoonfuls,spoonsful
spindled,splendid
spilt,split
spawning,wingspan
sparsest,trespass
sounding,undoings
sought,toughs
sots,toss
sorting,storing
sorest,stores
sorbets,strobes
somberly,sombrely
somber,sombre
solitaires,solitaries
soapstone,teaspoons
snot,tons
snoops,spoons
snooping,spooning
snooped,spooned
snoop,spoon
snips,spins
snipes,spines
snatching,stanching
snatched,stanched
snaps,spans
snakes,sneaks
smartened,tradesmen
slyest,styles
sloops,spools
sleety,steely
sleets,steels
sleetiest,steeliest
sleet,steel
slangiest,tasseling
slander,snarled
skirting,striking
skaters,streaks
sites,sties
site,ties
sitars,stairs
sinks,skins
singling,slinging
sinews,swines
silvers,slivers
silvering,slivering
silly,slily
signs,sings
signing,singing
sidling,sliding
sidles,slides
sideways,waysides
shrieks,shrikes
shower,whores
shooting,soothing
shivers,shrives
shiver,shrive
shittier,thirties
shipmates,steamship
shiners,shrines
shiner,shrine
sherds,shreds
sheets,theses
shattering,straighten
shams,smash
setups,upsets
setup,upset
settlers,trestles
setting,testing
settable,testable
serving,versing
served,versed
servant,taverns
sensual,unseals
sensor,snores
selves,vessel
seething,sheeting
seduction,suctioned
seating,teasing
seabirds,sidebars
sawn,swan
saw,was
saviour,various
saves,vases
save,vase
sauciest,suitcase
satyrs,strays
sanity,satiny
sangs,snags
sandier,sardine
salving,slaving
salves,slaves
salvers,slavers
salved,slaved
saltpeter,saltpetre
saltiness,stainless
saltest,stalest
sallying,signally
salivated,validates
salients,saltines
sales,seals
saints,stains
sagest,stages
sadden,sanded
sachem,schema
sabers,sabres
rusts,truss
rustled,strudel
rustiest,trusties
rust,ruts
russets,trusses
russet,surest
rushes,ushers
ruses,users
runway,unwary
runts,turns
runt,turn
runs,urns
run,urn
ruination,urination
rude,rued
royalist,solitary
rowdiness,wordiness
rowdiest,wordiest
routing,touring
rout,tour
rousing,souring
rouses,serous
roused,soured
roundest,tonsured
rote,tore
rot,tor
roses,sores
roosts,torsos
rogue,rouge
rodents,snorted
rockiest,stockier
rivets,strive
rivaling,virginal
rival,viral
rising,siring
rises,sires
ripples,slipper
ripens,sniper
rioters,roister
riles,slier
rewound,wounder
reworks,workers
rework,worker
rewired,weirder
reviews,viewers
review,viewer
reveals,several
reupholsters,upholsterers
reupholster,upholsterer
returns,turners
retrials,trailers
retrial,trailer
retires,retries
retinues,reunites
retinae,trainee
rethinks,thinkers
rethink,thinker
retells,tellers
retain,retina
results,rustles
rests,tress
restrains,strainers
restock,rockets
restive,veriest
resting,stinger
restarts,starters
restart,starter
respells,spellers
respell,speller
resound,sounder
resorting,restoring
resorted,restored
resold,solder
resistant,straitens
reserving,reversing
reserves,reverses
reserved,reversed
resell,seller
research,searcher
rescuing,securing
rescues,secures
rescuer,securer
rescue,secure
resales,sealers
reprises,respires
reprise,respire
reposing,spongier
repertoires,repertories
repasts,sparest
repartee,repeater
renters,sterner
rented,tender
rent,tern
reliving,reviling
relics,slicer
relatives,versatile
relapse,repeals
reissued,residues
reinstating,straitening
reinstated,straitened
registrant,restarting
refunded,underfed
refs,serf
refiles,reliefs
reeving,veering
reeved,veered
redrawing,rewarding
redound,rounded
redness,senders
redcaps,scraped
recourse,resource
reclines,silencer
rebus,rubes
reamed,remade
realizes,sleazier
realest,relates
readiest,steadier
readers,rereads
raw,war
ravages,savager
rattlings,startling
rattans,tartans
rattan,tartan
rationalize,realization
rationales,senatorial
ratings,staring
rating,taring
rasps,spars
rashest,trashes
rascals,scalars
rascal,scalar
rare,rear
rapist,tapirs
rapier,repair
rapidest,traipsed
rankest,tankers
randiest,strained
ragweed,wagered
raggedest,staggered
quotes,toques
quote,toque
quires,squire
quieter,requite
quiet,quite
quids,squid
quartets,squatter
quakes,squeak
quads,squad
putters,sputter
puss,sups
pursuing,usurping
pursuers,usurpers
pursuer,usurper
pursued,usurped
purses,supers
purse,super
purples,suppler
purls,slurp
puree,rupee
punster,punters
puns,spun
punks,spunk
punier,unripe
publisher,republish
pseudo,souped
prudes,pursed
protests,spotters
prosiest,ripostes
pronto,proton
proms,romps
prom,romp
programers,reprograms
programer,reprogram
procured,producer
procedures,reproduces
procedure,reproduce
printings,sprinting
printer,reprint
primes,simper
prides,spider
pride,pried
prey,pyre
preterit,prettier
presume,supreme
presenter,represent
premising,simpering
premised,simpered
preludes,repulsed
predicts,scripted
predecessor,reprocessed
predators,teardrops
predate,tapered
precursor,procurers
precisest,tricepses
prayers,sprayer
pram,ramp
pouts,spout
potties,tiptoes
posturing,sprouting
postman,tampons
posters,prestos
positional,spoliation
posers,spores
portrayed,predatory
portions,positron
porters,reports
poring,roping
pore,rope
poodles,spooled
ponders,respond
polythene,telephony
polyps,sloppy
polyesters,proselytes
polyester,proselyte
pokes,spoke
poisoner,snoopier
poises,posies
pointers,proteins
pointer,protein
pluses,pulses
plummest,plummets
plugins,pulsing
pleaders,relapsed
platter,prattle
platitudes,stipulated
planets,platens
planet,platen
plaint,pliant
plains,spinal
plainer,praline
pit,tip
pisses,sepsis
piss,sips
pis,sip
pincers,princes
pills,spill
pillages,spillage
piled,plied
pikes,spike
pigskin,spiking
pigment,temping
pier,ripe
pieces,specie
pickets,skeptic
phrasing,sharping
phrases,seraphs
phasing,shaping
phases,shapes
phased,shaped
pews,spew
petrels,respelt
petitions,pointiest
petitioners,repetitions
petitioner,repetition
pests,steps
pesters,presets
peso,pose
perverse,preserve
pertaining,repainting
pertained,repainted
persisting,springiest
persistent,prettiness
perms,sperm
peripatetics,precipitates
peripatetic,precipitate
perils,pliers
periled,replied
perfects,prefects
perfect,prefect
percussion,supersonic
percales,replaces
percale,replace
peppier,preppie
penetrations,presentation
pends,spend
pees,seep
peerless,sleepers
peels,sleep
peelings,sleeping
pederast,predates
pedaling,pleading
pedaled,pleaded
pecks,speck
pearled,pleader
payers,repays
pay,yap
pawns,spawn
patters,spatter
patterns,transept
patrons,tarpons
patron,tarpon
patrols,portals
patrol,portal
patricides,pediatrics
patricide,pediatric
patios,patois
paths,staph
pathos,potash
pasts,spats
pasties,patsies
pastes,spates
passed,spades
partitioned,trepidation
parting,prating
partied,pirated
parser,sparer
parsecs,scrapes
parroting,prorating
parried,rapider
parliaments,paternalism
parleying,replaying
parleyed,replayed
paring,raping
parceling,replacing
parceled,replaced
papery,prepay
panties,sapient
pantie,patine
panted,pedant
panelist,plainest
paltry,partly
palsying,splaying
palmists,psalmist
painless,spaniels
pailfuls,pailsful
oysters,storeys
owners,worsen
owlet,towel
owes,woes
owe,woe
overturns,turnovers
overturn,turnover
overtakes,takeovers
overtake,takeover
overt,voter
overdoes,overdose
overate,overeat
overacts,overcast
ovals,salvo
outtake,takeout
outside,tedious
outsells,sellouts
outsell,sellout
outer,route
ousting,outings
ousters,sourest
ouster,routes
oust,outs
ours,sour
ought,tough
otters,tortes
otter,torte
others,throes
other,throe
orients,stonier
organist,roasting
ore,roe
orbs,robs
orals,solar
opuses,spouse
opus,soup
options,potions
option,potion
optics,topics
optically,topically
optic,topic
opines,ponies
openers,reopens
opener,reopen
onsets,stones
onrushing,unhorsing
onrushes,unhorses
oiled,oldie
observes,obverses
oaks,soak
oafs,sofa
nut,tun
nurture,untruer
nursed,sunder
nurse,runes
nudity,untidy
nuder,under
nuclear,unclear
novels,sloven
nous,onus
noting,toning
notices,section
noted,toned
not,ton
nodes,nosed
no,on
nitrates,straiten
nitpicks,stickpin
nite,tine
nit,tin
nip,pin
nights,things
nightcap,patching
night,thing
niggers,snigger
newt,went
newsier,wieners
newer,renew
new,wen
neurosis,resinous
neurons,nonuser
netting,tenting
netted,tented
net,ten
nesting,tensing
nested,tensed
nerviest,reinvest
nerds,rends
nerd,rend
nepotism,pimentos
neon,none
neither,therein
nectarines,transience
nebula,unable
navel,venal
natures,saunter
nattier,nitrate
nasty,tansy
nastily,saintly
narks,ranks
narking,ranking
nark,rank
mutual,umlaut
mutilations,stimulation
mutilates,stimulate
mutilate,ultimate
mussier,surmise
muss,sums
musings,mussing
mundane,unnamed
muggers,smugger
mu,um
mouses,mousse
most,toms
morns,norms
morn,norm
moraine,romaine
mope,poem
mooring,rooming
moored,roomed
moodiest,sodomite
monotones,moonstone
molest,motels
molders,smolder
molars,morals
molar,moral
moister,mortise
moist,omits
modernizes,sermonized
models,seldom
mocks,smock
mittens,smitten
mist,smit
misspelt,simplest
missile,similes
misreads,sidearms
misled,smiled
misers,remiss
misdeals,misleads
misdealing,misleading
misdeal,mislead
miring,riming
miracles,reclaims
miracle,reclaim
minutely,untimely
minuets,minutes
minuet,minute
minaret,raiment
mils,slim
mildness,mindless
migrants,smarting
miens,mines
mien,mine
midterm,trimmed
midges,smidge
metering,regiment
meteors,remotes
meteor,remote
meriting,mitering
merest,meters
mentors,monster
menials,seminal
melts,smelt
melding,mingled
meeting,teeming
meddle,melded
medalist,misdealt
mechanics,mischance
meaner,rename
meander,renamed
mayors,morays
mayor,moray
maws,swam
mattress,smartest
mattes,tamest
matrons,transom
mating,taming
mated,tamed
mat,tam
mastered,streamed
mashing,shaming
mashes,shames
mashed,shamed
martens,smarten
mart,tram
marshes,mashers
markers,remarks
marbling,rambling
marbles,rambles
marbled,rambled
maracas,mascara
mapper,pamper
maples,sample
many,myna
manures,surname
mantis,matins
mantes,stamen
mantelpieces,mantlepieces
mantelpiece,mantlepiece
manlier,mineral
mangiest,steaming
mangier,reaming
makings,masking
mailers,realism
maidens,medians
magenta,magnate
macho,mocha
lyres,slyer
lyre,rely
lusts,sluts
lust,slut
luring,ruling
lures,rules
lured,ruled
lure,rule
lungs,slung
lumping,pluming
lumped,plumed
lump,plum
lumber,rumble
lugs,slug
luaus,usual
lowish,owlish
lowering,roweling
lowered,roweled
lower,rowel
low,owl
lovers,solver
lovely,volley
louvers,velours
loudest,tousled
lotuses,tousles
lotus,louts
loss,sols
loser,roles
lore,role
loping,poling
loped,poled
lop,pol
looting,tooling
looters,retools
looter,retool
loot,tool
loosing,soloing
looping,pooling
lookouts,outlooks
lookout,outlook
longitudes,ungodliest
loiters,toilers
loiter,toiler
logs,slog
loges,ogles
loftier,trefoil
lobs,slob
livest,vilest
livery,verily
liver,viler
livens,snivel
littorals,tortillas
littoral,tortilla
litters,slitter
lithest,thistle
literates,statelier
lite,tile
listing,silting
listeners,reenlists
lisps,slips
lisping,pilings
lipreads,spiraled
lions,loins
lionesses,noiseless
lineups,lupines
lineup,lupine
lineman,melanin
limpest,limpets
limestone,milestone
lilting,tilling
lilted,tilled
lilt,till
likens,silken
lights,slight
lighters,slighter
liens,lines
lids,slid
licks,slick
lickings,slicking
licensing,silencing
licenses,silences
license,silence
lewder,welder
lewd,weld
levied,veiled
levers,revels
levering,reveling
levered,reveled
lever,revel
levees,sleeve
lest,lets
lessor,losers
lessened,needless
lept,pelt
lepers,repels
leper,repel
leotards,lodestar
leopard,paroled
lentils,lintels
lentil,lintel
lenses,lessen
lenders,slender
lemon,melon
legman,mangle
legions,lingoes
lefties,liefest
leers,reels
leering,reeling
leered,reeled
leer,reel
ledges,sledge
leasing,sealing
leased,sealed
learners,relearns
learner,relearn
learn,renal
leaping,pealing
leaped,pealed
leaking,linkage
leaden,leaned
laze,zeal
lays,slay
layovers,overlays
layover,overlay
layouts,outlays
layout,outlay
layered,relayed
laxer,relax
lattice,tactile
latter,rattle
latent,talent
lap,pal
lanker,rankle
languid,lauding
lanes,leans
lamp,palm
laming,malign
lamest,metals
lamer,realm
lamed,medal
lambkins,lambskin
ladder,larded
lactose,locates
laces,scale
knitters,trinkets
knitter,trinket
knits,stink
kneads,snaked
knead,naked
kiwis,wikis
kiwi,wiki
kitsch,shtick
kits,skit
kites,tikes
kite,tike
kitchens,thickens
kitchen,thicken
kisser,skiers
kiss,skis
kippers,skipper
kinship,pinkish
kingpin,pinking
kindles,slinked
kiln,link
kills,skill
keynotes,keystone
keeps,peeks
keeping,peeking
keep,peek
keens,knees
keening,kneeing
keen,knee
just,juts
jounces,juncoes
joiners,rejoins
joiner,rejoin
jest,jets
jaunts,juntas
jaunt,junta
its,sit
itchiest,theistic
irons,rosin
ironies,noisier
irksome,smokier
irately,reality
inverts,striven
inuring,ruining
inured,ruined
inure,urine
intrude,untried
introduces,reductions
introduce,reduction
intones,tension
intervening,reinventing
intervened,reinvented
interred,trendier
interpreters,reinterprets
interpreter,reinterpret
interests,triteness
intenser,internes
integration,orientating
integer,treeing
intaglios,isolating
intagli,tailing
insures,sunrise
insureds,sundries
insure,inures
insulted,unlisted
insult,sunlit
insular,urinals
instrument,nutriments
insteps,spinets
instep,spinet
inspire,spinier
insole,lesion
insisted,tidiness
insets,steins
insert,inters
insecure,sinecure
ins,sin
inroads,ordains
innings,sinning
inklings,slinking
ink,kin
ingrain,raining
ingests,signets
infringe,refining
infidels,infields
infidel,infield
infarction,infraction
indues,undies
indorse,rosined
indiscreet,iridescent
index,nixed
indents,intends
indenting,intending
indented,intended
incorporate,procreation
incised,indices
inches,niches
incessant,instances
inceptions,inspection
incenses,niceness
inapt,paint
impurest,stumpier
impure,umpire
impugns,spuming
impugn,umping
imprints,misprint
impressiveness,permissiveness
impressively,permissively
impressive,permissive
impressions,permissions
impression,permission
impresses,premisses
impregnate,permeating
importunes,resumption
importunate,permutation
imports,tropism
impetus,imputes
impersonated,predominates
imperfections,perfectionism
imperatives,semiprivate
impels,simple
impeding,impinged
immersing,simmering
immersed,simmered
imams,maims
imam,maim
ills,sill
ilks,silk
ikons,oinks
ikon,oink
ignores,regions
ignore,region
ignite,tieing
idols,solid
idolater,tailored
idly,idyl
idlers,slider
idler,riled
iciness,incises
icecaps,ipecacs
icecap,ipecac
iPad,paid
hustling,sunlight
hustlers,ruthless
hustle,sleuth
hurtles,hustler
hurricane,raunchier
hurdle,hurled
huntsman,manhunts
hunts,shunt
hungover,overhung
hums,mush
humidor,rhodium
hug,ugh
howsoever,whosoever
hows,show
however,whoever
how,who
hovers,shrove
hovels,shovel
housework,workhouse
housewares,warehouses
hot,tho
hosts,shots
host,shot
hoses,shoes
hosed,shoed
hos,ohs
horsing,shoring
horses,shores
horseman,menorahs
horns,shorn
hoppers,shopper
hoops,poohs
hooping,poohing
hooped,poohed
hooks,shook
hones,shone
homeowners,horsewomen
holsters,hostlers
holster,hostler
holiest,hostile
holdups,upholds
holdup,uphold
hods,shod
hocks,shock
hitting,tithing
hirelings,relishing
hips,ship
hints,thins
hint,thin
hinges,neighs
hinge,neigh
hims,shim
hills,shill
hikes,sheik
hides,shied
hide,hied
hewn,when
hewers,wheres
hewer,where
hes,she
herpes,sphere
heroins,inshore
herein,inhere
heptagons,pathogens
heptagon,pathogen
hems,mesh
helps,shlep
helot,hotel
helices,lichees
heists,thesis
heisting,nighties
heir,hire
heeding,neighed
hectors,torches
heaves,sheave
heaths,sheath
heater,reheat
hearings,shearing
hearers,shearer
hayed,heady
hawsers,washers
hawser,washer
haves,shave
havens,shaven
haul,hula
hatter,threat
hats,shat
hatchets,thatches
hassling,slashing
hassles,slashes
hassled,slashed
hassle,lashes
hash,shah
harts,trash
harshest,thrashes
harks,shark
harems,masher
hared,heard
hardier,harried
hankers,harkens
hankering,harkening
hankered,harkened
hanker,harken
hangovers,overhangs
hangover,overhang
handouts,thousand
handfuls,handsful
halting,lathing
haltered,lathered
halter,lather
halted,lathed
halt,lath
halos,shoal
halls,shall
hallows,shallow
hakes,shake
hairbreadths,hairsbreadth
hafts,shaft
hacks,shack
hackles,shackle
gyrations,signatory
gyrated,tragedy
gut,tug
gusty,gutsy
gustiest,gutsiest
gustier,gutsier
gush,hugs
gurgles,slugger
gunshots,shotguns
gum,mug
gulps,plugs
gulp,plug
guests,gusset
grunts,strung
grudge,rugged
grown,wrong
groupers,regroups
grouper,regroup
grounded,underdog
grip,prig
grins,rings
grinned,rending
grin,ring
grenadier,rereading
greenish,sheering
greening,reneging
greened,reneged
greedy,greyed
grayest,gyrates
grates,greats
grapes,pagers
grape,pager
grading,niggard
gradient,treading
graders,regards
got,tog
gosh,hogs
goring,gringo
goiter,goitre
goats,togas
goat,toga
gnu,gun
gneiss,singes
gnat,tang
gnashing,hangings
gnash,hangs
gluiest,ugliest
gluier,uglier
glossing,goslings
glossed,godless
gloss,slogs
gloried,godlier
gloominess,neologisms
glisten,tingles
glinting,tingling
glinted,tingled
girths,rights
girth,right
girds,grids
girdles,gliders
girdled,griddle
girdle,glider
girding,ridging
girded,ridged
gird,grid
gingkos,ginkgos
gingkoes,ginkgoes
gingko,ginkgo
gilding,gliding
gilded,glided
gibbons,sobbing
giants,sating
ghouls,slough
gesturing,grungiest
germinal,malinger
geraniums,measuring
genres,greens
genitals,stealing
genies,seeing
genial,linage
generates,teenagers
generate,teenager
gems,megs
gels,legs
gelid,glide
geldings,sledging
gelding,niggled
gel,leg
gear,rage
gazers,grazes
gazer,graze
gateways,getaways
gateway,getaway
gases,sages
gas,sag
garotes,storage
garnish,sharing
garners,rangers
gardener,garnered
gaps,gasp
gaping,paging
gapes,pages
gaped,paged
ganglier,regaling
ganging,nagging
ganged,nagged
gamma,magma
gal,lag
gaiter,triage
gadget,tagged
fustier,surfeit
furs,surf
frier,rifer
friendlies,infielders
fretful,truffle
freshest,freshets
fresher,refresh
frees,reefs
freer,refer
freeing,reefing
free,reef
founts,futons
fount,futon
foundling,unfolding
fortieths,frothiest
forth,froth
former,reform
form,from
forges,gofers
forge,gofer
forests,fosters
foresting,fostering
foresters,reforests
forces,fresco
for,fro
fondus,founds
fondu,found
fodder,forded
foals,loafs
foaling,loafing
foaled,loafed
fluster,restful
flues,fuels
flue,fuel
flooder,floored
flogs,golfs
flog,golf
flits,lifts
flit,lift
flirting,trifling
flirted,trifled
flesh,shelf
flea,leaf
flatcars,fractals
flatcar,fractal
flashback,halfbacks
flair,frail
fitness,infests
fists,sifts
fissure,fussier
firths,shrift
first,rifts
fires,fries
fired,fried
fire,rife
finking,knifing
finked,knifed
finisher,refinish
fingers,fringes
finger,fringe
finer,infer
finders,friends
finder,friend
finagle,leafing
filtration,flirtation
filters,trifles
filter,trifle
fillers,refills
filler,refill
files,flies
fighters,freights
fighter,freight
fifties,iffiest
fiendish,finished
fiend,fined
fielder,refiled
fiefs,fifes
fief,fife
fidget,gifted
fickler,flicker
feuds,fused
fetishist,shiftiest
fester,freest
ferry,fryer
feral,flare
fer,ref
felts,lefts
feistiest,testifies
feistier,fieriest
feels,flees
feeling,fleeing
feel,flee
feeding,feigned
feeder,reefed
feasts,safest
fauns,snafu
faster,strafe
fastens,fatness
fast,fats
farting,rafting
farming,framing
farmers,framers
farmed,framed
fare,fear
falser,flares
fakers,freaks
faker,freak
faithless,flashiest
fairness,sanserif
expos,poxes
expediters,preexisted
expands,spandex
exists,sexist
exist,exits
excitation,intoxicate
excepts,expects
excepting,expecting
excepted,expected
except,expect
exams,maxes
exalts,laxest
exalt,latex
exacter,excreta
ewes,wees
ewers,sewer
ewe,wee
everglade,leveraged
ever,veer
evens,seven
evener,veneer
euros,rouse
ethos,those
ethics,itches
estimates,steamiest
estimated,meditates
estimate,meatiest
esthete,teethes
esquire,queries
espy,yeps
espressos,repossess
escapist,spaciest
escapism,scampies
escape,peaces
erupts,purest
erupting,reputing
erupted,reputed
erring,ringer
erratum,maturer
eroticism,isometric
erodes,redoes
erects,secret
erections,secretion
erasures,reassure
erases,sarees
erased,seared
erase,saree
equips,piques
equip,pique
equals,squeal
epitaphs,happiest
epics,spice
enumerations,mountaineers
enumeration,mountaineer
entrap,parent
entrances,renascent
entrails,latrines
entirety,eternity
enterprises,intersperse
ensure,enures
ensnares,nearness
enslave,leavens
ensigns,sensing
enshroud,unhorsed
enrols,loners
enrage,genera
enlarges,generals
enlarge,general
enigma,gamine
enfolds,fondles
enfold,fondle
enervation,veneration
enervating,venerating
enervates,venerates
enervated,venerated
enervate,venerate
enemas,seamen
endures,ensured
endure,enured
endues,ensued
endows,snowed
endow,owned
endings,sending
ending,ginned
encoder,encored
enclaves,valences
enclave,valence
enamors,oarsmen
ems,mes
empires,premise
emirates,steamier
emirate,meatier
emanates,manatees
emailed,limeade
em,me
ells,sell
elitism,limiest
elisions,oiliness
elegiacs,legacies
elects,select
electors,selector
electives,selective
elections,selection
elation,toenail
elastic,laciest
elapsing,pleasing
elapses,pleases
elapsed,pleased
ekes,seek
eighth,height
egrets,greets
egret,greet
egos,goes
egocentric,geocentric
eglantine,inelegant
editor,rioted
editions,sedition
edges,sedge
edger,greed
edge,geed
easels,leases
easel,lease
earthy,hearty
earthlings,slathering
earthliest,stealthier
earthiness,heartiness
earthiest,heartiest
earthier,heartier
earnings,grannies
earner,nearer
earfuls,refusal
eaglets,legates
eaglet,legate
eagerest,steerage
dykes,skyed
dwindles,swindled
duties,suited
dusts,studs
dusters,trussed
dust,stud
duodenal,unloaded
dunnest,stunned
dunging,nudging
dunged,nudged
dungaree,underage
dunes,nudes
dune,nude
dumpier,umpired
dummies,mediums
duffer,ruffed
duels,slued
drugging,grudging
drugged,grudged
drowsing,wordings
drops,prods
drop,prod
drones,snored
drolly,lordly
drollest,strolled
driers,riders
dried,redid
dresser,redress
dreamer,rearmed
drays,yards
dray,yard
drawing,warding
drains,nadirs
drainer,randier
drainage,gardenia
drags,grads
dragnets,grandest
dragnet,granted
drag,grad
dozen,zoned
dowse,sowed
downloads,woodlands
download,woodland
downers,wonders
dowels,slowed
dowel,lowed
dovetail,violated
douses,soused
dourer,ordure
dote,toed
dos,sod
dormant,mordant
dopier,period
dopes,posed
doorstep,torpedos
doodler,drooled
dons,nods
dolt,told
doings,dosing
dogs,gods
dockets,stocked
dives,vised
diverts,strived
divers,drives
diverge,grieved
divans,viands
ditties,tidiest
dithers,shirted
disuse,issued
distorter,torridest
distincter,interdicts
distention,tendonitis
distaste,staidest
dissing,sidings
dissent,snidest
disprove,provides
disport,tripods
disperse,presides
dispel,lisped
disks,skids
dishonest,hedonists
dishing,shindig
dishes,hissed
diseases,seasides
disease,seaside
discreet,discrete
discoverers,rediscovers
discoverer,rediscover
discover,divorces
discerns,rescinds
discerning,rescinding
discerned,rescinded
dirtiness,disinters
dirges,ridges
dirge,ridge
directions,discretion
directest,trisected
directer,redirect
dingy,dying
dingo,doing
dinettes,insetted
dimple,limped
dimmer,rimmed
dim,mid
dilutes,duelist
dilly,idyll
dikes,skied
dignity,tidying
dignifies,signified
digger,rigged
differ,riffed
dietitian,initiated
dieted,edited
diddle,lidded
dice,iced
diatoms,mastoid
diameters,dreamiest
dialed,laddie
devote,vetoed
devolve,evolved
devoid,voided
devise,sieved
devil,lived
deviates,sedative
developers,redevelops
developer,redevelop
deuces,seduce
detours,dourest
dethrones,shortened
detest,tested
deter,treed
details,dilates
destining,indigents
desserts,stressed
despoil,spoiled
desires,resides
designers,redesigns
deserve,severed
deserts,dessert
description,predictions
descent,scented
dervish,shrived
deranging,gardening
deranged,gardened
derailments,streamlined
deprogram,programed
depress,pressed
depraving,pervading
depraves,pervades
depraved,pervaded
deprave,pervade
depot,opted
deposits,topsides
depositor,droopiest
deposition,positioned
deports,sported
deport,ported
deplane,paneled
depend,pended
departs,petards
departing,predating
departed,predated
denude,endued
denture,tenured
dents,tends
dentist,stinted
denting,tending
dented,tended
dent,tend
density,destiny
densities,destinies
denotations,detonations
denotation,detonation
denominates,emendations
denominate,emendation
denim,mined
denied,indeed
denatures,sauntered
demurring,murdering
demurred,murdered
demurest,mustered
demount,mounted
demotion,motioned
demote,emoted
demised,misdeed
demeanor,enamored
demarcate,macerated
demands,maddens
demanding,maddening
demanded,maddened
deluding,indulged
delimit,limited
delights,slighted
delight,lighted
deism,dimes
deifying,edifying
deify,edify
deifies,edifies
deified,edified
deification,edification
defrost,frosted
defray,frayed
deforms,serfdom
deform,formed
deflation,defoliant
definer,refined
defiled,fielded
defiant,fainted
deferment,fermented
defer,freed
defend,fended
default,faulted
deeps,speed
deeply,yelped
deepest,steeped
deeper,peered
deep,peed
deeding,deigned
deductions,discounted
deduces,seduced
decries,deicers
decrees,recedes
decreed,receded
decree,recede
decimation,medication
decimating,medicating
decimates,medicates
decimated,medicated
decimate,medicate
decide,deiced
deceiver,received
decals,scaled
decal,laced
decaf,faced
decadents,descanted
decadent,decanted
debut,tubed
debases,seabeds
debase,seabed
deaves,evades
deaths,hasted
death,hated
dearest,sedater
dealings,signaled
dealership,leadership
dealers,leaders
dealer,leader
deafer,feared
deaf,fade
deadlier,derailed
deadest,sedated
dawns,wands
dawdling,waddling
dawdler,drawled
dawdled,waddled
dawdle,waddle
daunted,undated
dateline,entailed
dashing,shading
dashes,shades
dashed,shaded
dash,shad
darting,trading
darted,traded
dapples,slapped
dapple,lapped
dapperer,prepared
dapper,rapped
dangled,gladden
dandle,landed
dandier,drained
dander,darned
damson,nomads
damsel,medals
dams,mads
dampest,stamped
dam,mad
dallies,sallied
dairy,diary
dairies,diaries
dailies,liaised
dagger,ragged
daemon,moaned
dabbles,slabbed
cutlets,scuttle
curtness,encrusts
curtest,cutters
curer,recur
cure,ecru
curdle,curled
curbs,scrub
cups,cusp
cupfuls,cupsful
cums,scum
culls,scull
cuffs,scuff
cubist,cubits
crusty,curtsy
crustier,recruits
crust,curst
crumpets,spectrum
cruisers,scurries
cruiser,curries
cruelty,cutlery
cruelest,lectures
crudities,diuretics
crudest,crusted
crude,cured
crud,curd
crosser,scorers
crochets,crotches
crisps,scrips
crisp,scrip
crimson,microns
crimps,scrimp
cries,rices
crews,screw
creeps,crepes
creep,crepe
credits,directs
creditors,directors
creditor,director
crediting,directing
credited,directed
credit,direct
credential,interlaced
creators,reactors
creative,reactive
creations,reactions
creams,scream
crawls,scrawl
craters,tracers
crass,scars
craned,dancer
crams,scram
cows,scow
cowls,scowl
cowlings,scowling
cowers,escrow
coverts,vectors
covert,vector
courteous,outsource
countering,recounting
countered,recounted
coteries,esoteric
corseting,escorting
corseted,escorted
corpses,process
corps,crops
coroners,crooners
coroner,crooner
coronas,racoons
corona,racoon
corny,crony
corns,scorn
corks,rocks
corking,rocking
corked,rocked
cores,score
cords,scrod
copulas,cupolas
copula,cupola
copings,scoping
coots,scoot
coordinates,decorations
coordinate,decoration
coops,scoop
coolest,ocelots
contuses,countess
continued,unnoticed
contenting,contingent
contains,sanction
consolidates,disconsolate
consoles,coolness
consist,tocsins
consigned,seconding
considerate,desecration
conserving,conversing
conserves,converses
conserved,conversed
conserve,converse
conservation,conversation
connecters,reconnects
connecter,reconnect
conifers,forensic
conical,laconic
configures,refocusing
cones,scone
cone,once
conduits,discount
condors,cordons
condor,cordon
condoles,consoled
conditioners,reconditions
conditioner,recondition
conciser,cornices
concerting,concreting
concerted,concreted
compressed,decompress
complaint,compliant
compiled,complied
compile,polemic
commissioned,decommission
comics,cosmic
comedian,demoniac
colonialists,oscillations
colonialist,oscillation
colones,console
collapsing,scalloping
collapsed,scalloped
colitis,solicit
coin,icon
coiled,docile
coif,foci
cognition,incognito
coexist,exotics
cods,docs
codes,coeds
code,coed
coddles,scolded
cod,doc
cockily,colicky
cocaine,oceanic
coastlines,sectionals
coastline,sectional
coarsen,corneas
coals,colas
coal,cola
clouts,locust
cloud,could
clots,colts
closest,closets
cloister,costlier
clod,cold
clobbers,cobblers
clobber,cobbler
clippers,cripples
clipper,cripple
clinkers,crinkles
clinker,crinkle
climaxes,exclaims
clients,stencil
clematises,timescales
clematis,climates
cleared,declare
cleansers,clearness
cleanse,scalene
cleans,lances
cleanings,cleansing
cleaners,cleanser
clasps,scalps
clasping,scalping
clasped,scalped
clanging,glancing
clanged,glanced
clambers,scramble
civets,evicts
civet,evict
citruses,curtsies
citric,critic
cities,iciest
cited,edict
citadels,dialects
citadel,dialect
cistern,cretins
circles,clerics
circle,cleric
ciphered,decipher
cilantro,contrail
churl,lurch
chum,much
chose,echos
chords,schrod
chorals,scholar
cholera,chorale
choking,hocking
chokers,shocker
choked,hocked
chit,itch
chin,inch
chiles,chisel
chiefs,fiches
chiefest,fetiches
chief,fiche
chest,techs
cheeps,speech
checkers,rechecks
checkering,rechecking
checkered,rechecked
checker,recheck
cheating,teaching
cheat,teach
cheap,peach
chatters,ratchets
chattering,ratcheting
chattered,ratcheted
chatter,ratchet
chasers,crashes
charts,starch
chars,crash
charming,marching
charmers,marchers
charmer,marcher
charmed,marched
chapt,patch
chanters,stancher
chagrins,crashing
cervices,crevices
certitude,rectitude
certifying,rectifying
certify,rectify
certifies,rectifies
certified,rectified
certifications,rectifications
certification,rectification
certifiable,rectifiable
cents,scent
centigram,cremating
center,recent
censored,encoders
censor,crones
censers,screens
censer,screen
caverns,cravens
cavern,craven
caveats,vacates
caveat,vacate
cavaliers,cavalries
causing,saucing
causes,sauces
caused,sauced
cause,sauce
cattily,tacitly
caterings,recasting
catechisms,schematics
catechism,schematic
cataloguing,coagulating
catalogues,coagulates
catalogued,coagulated
catalogue,coagulate
casually,causally
casual,causal
casts,scats
castors,costars
castle,cleats
casserole,escaroles
casks,sacks
cask,sack
cashing,chasing
cashes,chases
cashed,chased
carvings,cravings
carving,craving
carves,craves
carved,craved
carve,crave
carries,scarier
carpets,spectra
carped,redcap
carp,crap
carolling,collaring
carolled,collared
cargoes,corsage
caress,scares
capsule,upscale
capstan,catnaps
caped,paced
cants,scant
cantors,cartons
cantering,recanting
canted,decant
cans,scan
canopying,poignancy
canoes,oceans
canoeists,cessation
canoed,deacon
canoe,ocean
canister,scantier
caned,dance
candle,lanced
cams,scam
camps,scamp
campiest,campsite
campers,scamper
camped,decamp
camels,mescal
cambering,embracing
cambered,embraced
calumnies,masculine
calms,clams
calm,clam
calligraphy,graphically
calkings,slacking
calking,lacking
calked,lacked
calk,lack
calipers,replicas
caliper,replica
califs,fiscal
caissons,cassinos
caduceus,caucused
cads,scad
cadger,graced
cadge,caged
cackling,clacking
cackled,clacked
cachets,catches
cabs,scab
buttering,rebutting
buttered,rebutted
busy,buys
busts,stubs
bustles,sublets
busted,debuts
buss,subs
burs,rubs
burgs,grubs
burg,grub
burden,burned
burbles,lubbers
bur,rub
bunked,debunk
bun,nub
builders,rebuilds
builder,rebuild
bugling,bulging
bugles,bulges
buglers,burgles
bugler,burgle
bugled,bulged
bugle,bulge
buffers,rebuffs
buffering,rebuffing
buffered,rebuffed
buffer,rebuff
buds,dubs
budges,debugs
budge,debug
brush,shrub
brunt,burnt
broths,throbs
broth,throb
broadsides,sideboards
broadside,sideboard
broadcasters,rebroadcasts
broadcaster,rebroadcast
bristled,driblets
briskest,briskets
briefs,fibers
briefed,debrief
brief,fiber
brides,debris
bridal,ribald
bribing,ribbing
bribed,ribbed
breasted,debaters
brawling,warbling
brawlers,warblers
brawler,warbler
brawled,warbled
braids,disbar
bowels,elbows
bounder,rebound
bosses,obsess
boss,sobs
bosh,hobs
boring,robing
bored,robed
bordellos,doorbells
bordello,doorbell
boost,boots
booms,bosom
bonus,bosun
boner,borne
bombing,mobbing
bombed,mobbed
bolsters,lobsters
bolster,lobster
boles,lobes
bole,lobe
bogs,gobs
bogeyman,moneybag
bog,gob
boaster,boaters
boast,boats
boards,broads
boarder,broader
boarded,roadbed
board,broad
blushes,bushels
bluing,lubing
blues,lubes
bluer,ruble
blued,lubed
blue,lube
blows,bowls
blowing,bowling
blowers,bowlers
blower,bowler
blow,bowl
bloused,doubles
blotting,bottling
blotted,bottled
blots,bolts
blot,bolt
blogs,globs
blogging,boggling
blogged,boggled
blog,glob
blobbing,bobbling
blobbed,bobbled
blisters,bristles
blister,bristle
blessing,glibness
bleating,tangible
bleat,table
blearily,reliably
blasting,stabling
blaster,stabler
blankest,blankets
bizarre,brazier
bistro,orbits
birettas,terabits
bipolar,parboil
bipedal,piebald
bins,nibs
binders,rebinds
binary,brainy
bin,nib
bidets,debits
bidet,debit
bidder,birded
betiding,debiting
betided,debited
bestir,tribes
bestiary,sybarite
besoms,emboss
berthing,brighten
berating,rebating
belts,blest
bellied,libeled
belied,edible
belated,bleated
begrudges,debuggers
begrudge,debugger
beets,beset
beefier,freebie
beeches,beseech
bedsore,sobered
bedroom,boredom
bed,deb
beavering,bereaving
beavered,bereaved
bearding,breading
bearded,breaded
beadiest,diabetes
bayed,beady
bauds,daubs
baud,daub
battles,tablets
bathers,breaths
bat,tab
bastion,obtains
basis,bassi
basely,belays
based,beads
bars,bras
barking,braking
barging,garbing
bargained,gabardine
barest,breast
bar,bra
bantams,batsman
bans,nabs
banes,beans
banalities,insatiable
ban,nab
balsa,basal
balms,lambs
baleen,enable
baled,blade
bakes,beaks
bake,beak
bags,gabs
bagels,gables
bag,gab
bad,dab
bacterial,calibrate
backwards,drawbacks
backward,drawback
backrest,brackets
babiest,tabbies
babbling,blabbing
babbled,blabbed
aye,yea
awry,wary
awning,waning
awl,law
avid,diva
avengers,engraves
avenger,engrave
avarice,caviare
avails,saliva
austerer,treasure
aunts,tunas
aunt,tuna
auctions,cautions
auctioning,cautioning
auction,caution
attuning,taunting
attunes,tetanus
attuned,taunted
attics,static
attentively,tentatively
attentive,tentative
atoned,donate
atom,moat
atheists,hastiest
ateliers,earliest
astutest,statutes
astuter,stature
astute,statue
astern,sterna
assuages,sausages
assuage,sausage
assorting,organists
assort,roasts
assigns,sassing
assess,sasses
assent,sanest
assaying,gainsays
aspiring,praising
aspirates,parasites
aspirated,disparate
aspirate,parasite
aspirants,partisans
aspirant,partisan
asides,daises
ashore,hoarse
ash,has
ascribed,carbides
ascots,coasts
ascertains,sectarians
ascents,stances
ascend,dances
arty,tray
artsier,tarries
artists,straits
artistes,artsiest
artisans,tsarinas
articles,recitals
article,recital
arrogant,tarragon
armrest,smarter
armpits,imparts
armpit,impart
armfuls,armsful
armed,dream
arises,raises
arid,raid
argues,augers
argue,auger
ardent,ranted
arcking,racking
arcked,racked
arching,chagrin
archest,chaster
archaism,charisma
arch,char
aprons,parson
apprise,sappier
appraised,disappear
appends,snapped
append,napped
appealing,lagniappe
appal,papal
aplenty,penalty
ape,pea
any,nay
anvils,silvan
antlers,rentals
antiparticles,paternalistic
antigens,gentians
antidotes,stationed
anthologies,theologians
antagonist,stagnation
answers,rawness
anoints,nations
annuities,insinuate
annoyed,anodyne
anklets,lankest
angry,rangy
angering,enraging
anger,range
anemic,cinema
ancienter,nectarine
ancestries,resistance
anapests,peasants
anapest,peasant
amuses,assume
amply,palmy
ample,maple
amphitheaters,amphitheatres
amphitheater,amphitheatre
amortizes,atomizers
amortize,atomizer
among,mango
amid,maid
amenity,anytime
ambles,blames
alums,mauls
alumna,manual
alum,maul
altruism,muralist
altitudes,latitudes
altitude,latitude
altho,loath
altars,astral
aloft,float
allures,laurels
alloy,loyal
allows,sallow
allover,overall
allotting,totalling
allotted,totalled
allots,atolls
allot,atoll
allergies,galleries
alit,tail
alining,nailing
alinements,lineaments
alinement,lineament
aligns,signal
alignment,lamenting
algorithms,logarithms
algorithmic,logarithmic
algorithm,logarithm
alga,gala
alcoves,coevals
alcove,coeval
alb,lab
alarmingly,marginally
alarming,marginal
ajar,raja
airs,sari
ailments,manliest
aide,idea
ah,ha
agrees,grease
agreed,geared
agree,eager
agism,sigma
ageism,images
afterwords,forwardest
aft,fat
afield,failed
affair,raffia
aery,year
aeries,easier
adzes,dazes
adze,daze
adverts,starved
adverb,braved
advances,canvased
ads,sad
adores,soared
adore,oared
admonition,domination
admits,amidst
admirers,marrieds
admirer,married
adjusters,readjusts
adjuster,readjust
adhered,redhead
adhere,header
adepts,pasted
adept,taped
adds,dads
addles,saddle
addle,laded
add,dad
acuter,curate
actuators,autocrats
actuator,autocrat
actions,cations
action,cation
acted,cadet
act,cat
acrider,carried
aconites,canoeist
acne,cane
ache,each
accrues,accuser
accrual,caracul
accouterments,accoutrements
abuse,beaus
abridges,brigades
abridge,brigade
abodes,adobes
abode,adobe
abler,blare
abides,biased
abhorring,harboring
abhorred,harbored
abeam,ameba
Zest,zest
Zeppelin,zeppelin
Zeno,zone
Z,z
Yuletide,yuletide
Yule,yule
Young,young
Yemen,enemy
Yb,by
Yank,yank
Yahoo,yahoo
Y,y
Xe,ex
X,x
Wright,wright
Wren,wren
Worms,worms
Workman,workman
Woods,woods
Wood,wood
Wong,gown
Witt,twit
Wise,wise
Winters,winters
Winkle,welkin
Windward,windward
Windows,windows
Windbreaker,windbreaker
Will,will
Wiley,Wylie
Wilder,wilder
Wigner,winger
Whites,whites
White,white
Whistler,whistler
Whirlpool,whirlpool
Wheeling,wheeling
Wheeler,wheeler
Wests,stews
Westerns,westerns
Westerner,westerner
Western,western
Welsh,welsh
Wellington,wellington
Welch,welch
Weiss,wises
Weeks,weeks
Weddell,dwelled
Weaver,weaver
Watts,watts
Watt,watt
Waterford,afterword
Wang,gnaw
Walters,wastrel
Walsh,shawl
Walls,walls
Wall,wall
Walker,walker
Wac,caw
W,w
Voyager,voyager
Vogue,vogue
Virgo,vigor
Violet,violet
Viola,viola
Villa,villa
Vila,vial
Vietcong,coveting
Victor,victor
Vesta,stave
Veronese,overseen
Verna,raven
Venice,evince
Velcros,clovers
Velcro,clover
Vega,gave
Vedas,saved
Varese,averse
Vandal,vandal
Van,van
Valois,violas
Valentine,valentine
Valarie,Valeria
Vader,raved
V,v
Utopias,utopias
Utopians,utopians
Utopian,utopian
Utopia,utopia
U,u
Tyson,stony
Twitter,twitter
Tweed,tweed
Twain,twain
Tutu,tutu
Turpin,turnip
Turkey,turkey
Turing,truing
Tunis,units
Tues,suet
Tucker,tucker
Tsingtao,toasting
Truth,truth
Trump,trump
Tristan,transit
Trippe,tipper
Trinity,trinity
Trinities,trinities
Trina,train
Trieste,testier
Trident,trident
Trey,Tyre
Tran,rant
Townes,Weston
Tories,sortie
Topsy,typos
Tony,tony
Toni,into
Tonga,tango
Tom,tom
Tolyatti,totality
Titus,Tutsi
Titanic,titanic
Ting,ting
Tientsin,tinniest
Tiber,tribe
Thoroughbred,thoroughbred
Thespian,thespian
Theosophy,theosophy
Thebes,behest
Thatcher,thatcher
Thanksgivings,thanksgivings
Thanksgiving,thanksgiving
Texas,taxes
Tess,sets
Tertiary,tertiary
Terrie,retire
Terrence,recenter
Terrance,recreant
Templar,trample
Tell,tell
Teletype,teletype
Tehran,anther
Tatars,strata
Tatar,attar
Tartars,tartars
Tartar,tartar
Target,target
Tao,oat
Tanner,tanner
Talley,lately
Taliesin,litanies
Tad,tad
Tabitha,habitat
T,t
Szilard,lizards
Swift,swift
Swedish,swished
Svengali,leavings
Susie,issue
Superman,superman
Superior,superior
Sunbeam,sunbeam
Sun,sun
Sumter,muster
Summers,summers
Summer,summer
Sumatra,traumas
Suharto,authors
Suez,Zeus
Suarez,azures
Stygian,staying
Strong,strong
Streisand,tardiness
Strabo,aborts
Stokes,stokes
Stoicism,stoicism
Stoic,stoic
Stieglitz,glitziest
Stewart,swatter
Steven,events
Steuben,subteen
Stengel,gentles
Steiner,entries
Stefan,fasten
Starkey,streaky
Stark,stark
St,ts
Srinagar,arraigns
Sr,rs
Spock,pocks
Spica,aspic
Sphinx,sphinx
Sperry,spryer
Spartan,spartan
Sparta,satrap
Sparks,sparks
Spain,pains
Soviet,soviet
Southwest,southwest
Souths,shouts
Southerners,southerners
Southerner,southerner
Southeast,southeast
Soto,soot
Sony,nosy
Sontag,tangos
Sonny,sonny
Sondra,adorns
Sondheim,hedonism
Son,son
Somme,memos
Sol,sol
Soho,shoo
Socratic,acrostic
Snoopy,snoopy
Snickers,snickers
Smith,smith
Slurpee,repulse
Slinky,slinky
Skype,pesky
Skye,keys
Singleton,singleton
Sindbad,disband
Simone,monies
Silva,vials
Siberian,binaries
Siam,aims
Si,is
Shylock,shlocky
Shorthorn,shorthorn
Short,short
Shields,shields
Shetland,Stendhal
Sherry,sherry
Sherrie,rehires
Shepherd,shepherd
Sheol,holes
Shari,hairs
Shantung,shantung
Shanghai,shanghai
Shane,ashen
Sexton,sexton
Seward,waders
Severn,nerves
Set,set
Serpens,Spenser
Sergio,orgies
Sepoy,poesy
Seoul,louse
Senecas,encases
Seneca,encase
Senates,senates
Semarang,managers
Segre,serge
Secretary,secretary
Secretariat,secretariat
Sears,sears
Sean,sane
Scrooge,scrooge
Scriptures,scriptures
Scripture,scripture
Scrabble,scrabble
Scots,costs
Scotches,scotches
Scotch,scotch
Schubert,butchers
Schnauzer,schnauzer
Schnabel,blanches
Schiller,chillers
Schick,chicks
Schedar,crashed
Saxon,axons
Sawyer,sawyer
Savior,savior
Savannah,savannah
Savage,savage
Sarnoff,saffron
Sapporo,apropos
Santa,Satan
Sandy,sandy
Sanders,sanders
Sand,sand
Sancho,nachos
Samoyed,someday
Sam,mas
Sally,sally
Sallie,allies
Salinger,slangier
Salamis,salamis
Saks,asks
Saki,saki
Sakha,Shaka
Sabin,basin
Saar,Sara
Saab,baas
S,s
Ryder,dryer
Rusty,rusty
Russo,sours
Rush,rush
Rubin,bruin
Ru,Ur
Royal,royal
Rowe,wore
Rover,rover
Roth,Thor
Rosie,osier
Rosemary,rosemary
Roseau,arouse
Rosanne,Roseann
Rosalind,ordinals
Ron,nor
Romero,roomer
Romanticism,romanticism
Romano,maroon
Romanies,moraines
Rogers,rogers
Roentgen,roentgen
Rodney,yonder
Rod,rod
Rocky,rocky
Rockne,reckon
Robin,robin
Robbins,ribbons
Robbin,ribbon
Riverside,riverside
Rivers,rivers
Rivera,arrive
Ripley,ripely
Ringo,groin
Rilke,liker
Riddle,riddle
Rickie,ickier
Rick,rick
Rich,rich
Rhoda,hoard
Rhee,here
Reyna,yearn
Reverend,reverend
Revere,revere
Revelations,revelations
Rev,rev
Reunion,reunion
Resurrection,resurrection
Republicans,republicans
Republican,republican
Representative,representative
Renaissances,renaissances
Renaissance,renaissance
Remus,serum
Remington,mentoring
Regina,regain
Red,red
Recife,fierce
Realtor,realtor
Ray,ray
Ravel,ravel
Raul,Ural
Rather,rather
Rasputin,puritans
Randy,randy
Rand,darn
Ramses,smears
Ramos,roams
Ramada,armada
Rainier,rainier
Raffles,raffles
R,r
Quito,quoit
Quisling,quisling
Queens,queens
Queen,queen
Q,q
Python,python
Pyle,yelp
Pygmy,pygmy
Pygmies,pygmies
Putin,input
Purus,usurp
Puritanism,puritanism
Puritan,puritan
Purims,purism
Punch,punch
Puget,getup
Pueblo,pueblo
Puck,puck
Pu,up
Ptah,path
Psyche,psyche
Psalms,psalms
Prudential,prudential
Prudence,prudence
Providence,providence
Proverbs,proverbs
Protestants,protestants
Protestant,protestant
Prohibition,prohibition
Prof,prof
Prius,sirup
Price,price
Presidents,presidents
President,president
Prescott,protects
Pres,reps
Praetorian,reparation
Powers,powers
Pound,pound
Potter,potter
Poseidon,poisoned
Porsche,porches
Pope,pope
Pontiac,caption
Pompadour,pompadour
Polish,polish
Poisson,poisons
Pogo,goop
Playboy,playboy
Platonic,platonic
Pisces,spices
Piraeus,upraise
Pippin,pippin
Pinochet,phonetic
Pilgrim,pilgrim
Pike,pike
Pigmies,pigmies
Phoenix,phoenix
Phoebe,phoebe
Philistine,philistine
Phelps,shlepp
Pharaohs,pharaohs
Pharaoh,pharaoh
Petty,petty
Peter,peter
Peru,pure
Persian,paniers
Perseus,peruses
Perseid,preside
Perot,trope
Peron,prone
Pernod,ponder
Perm,perm
Pepsi,pipes
Pentagon,pentagon
Penny,penny
Pei,pie
Peg,peg
Peck,peck
Pechora,poacher
Pearson,persona
Peace,peace
PayPal,Paypal
Pauli,pilau
Patty,patty
Pasteur,pasture
Passover,overpass
Passions,passions
Passion,passion
Parsons,parsons
Parliament,parliament
Park,park
Paramount,paramount
Paradise,paradise
Pantheon,pantheon
Pansy,pansy
Pampers,pampers
Palisades,palisades
Palestine,penalties
Palau,Paula
Pacific,pacific
Pa,pa
P,p
Oxfords,oxfords
Oxford,oxford
Ovid,void
Ottoman,ottoman
Oslo,solo
Oscars,across
Osborne,Robeson
Osborn,Robson
Os,so
Orval,valor
Orlando,Rolando
Orin,iron
Orestes,stereos
Ora,oar
Ontario,oration
Onsager,oranges
Onion,onion
Omar,roam
Olympian,palimony
Olga,goal
Olav,oval
Odyssey,odyssey
Odets,dotes
Oct,cot
Ochoa,achoo
Occidentals,occidentals
Occidental,occidental
O,o
Numbers,numbers
Noyes,nosey
Northwest,northwest
Norths,thorns
Northerner,northerner
Northeast,northeast
Norse,snore
Nona,anon
Nome,omen
Nola,loan
Nirvana,nirvana
Nightingale,nightingale
Niger,reign
Nieves,envies
Nickelodeon,nickelodeon
Nick,nick
Nice,nice
Nexis,nixes
Newton,newton
Nestle,nestle
Neruda,unread
Nero,Reno
Negros,goners
Nautilus,nautilus
Nationwide,nationwide
Nasser,snares
Nashua,Shauna
Narmada,Ramadan
Narcissus,narcissus
Nancy,canny
Nahum,human
Nagy,Yang
Na,an
N,n
Muscat,muscat
Munro,mourn
Munch,munch
Mt,Tm
Mount,mount
Moss,moss
Mosaic,mosaic
Morrow,morrow
Morocco,morocco
Morin,minor
Moore,Romeo
Moody,moody
Monroe,Moreno
Monk,monk
Monet,Monte
Monera,enamor
Mondays,dynamos
Monday,dynamo
Moll,moll
Mobile,mobile
Mobil,limbo
Misty,misty
Mir,rim
Minsk,minks
Minot,Timon
Minos,Simon
Minoans,mansion
Minnesota,nominates
Mingus,musing
Milton,Tomlin
Milquetoast,milquetoast
Milo,limo
Mills,mills
Millet,millet
Miller,miller
Mill,mill
Mike,mike
Midway,midway
Midland,midland
Midas,maids
Michael,Micheal
Messiahs,messiahs
Messiah,messiah
Mervin,vermin
Merton,mentor
Merino,merino
Mercury,mercury
Merak,maker
Menes,semen
Menander,mannered
Memling,lemming
Melva,Velma
Melton,molten
Melody,melody
Melissa,aimless
Mel,elm
Megan,mange
Medusa,amused
Meccas,meccas
Mecca,mecca
Meagan,manage
Meadows,meadows
Mbini,nimbi
Mays,yams
Mayo,mayo
Mayflower,mayflower
Mauro,amour
Matt,matt
Masses,masses
Massenet,tameness
Mass,mass
Masonic,masonic
Maseru,Mauser
Martin,martin
Martian,Martina
Martel,armlet
Marsha,ashram
Marquis,marquis
Marlin,marlin
Marks,marks
Mark,mark
Maris,amirs
Maribel,balmier
Mariano,Romania
Maria,maria
Marge,gamer
Margarita,margarita
Marciano,macaroni
Marci,micra
Marches,marches
Marcel,calmer
Marc,cram
Marathon,marathon
Mara,Rama
Maoists,Taoisms
Maoist,Taoism
Maoisms,mimosas
Manuela,alumnae
Manning,manning
Mani,main
Manet,meant
Mandarin,mandarin
Mammon,mammon
Mallory,morally
Malibu,labium
Major,major
Maj,jam
Mailer,mailer
Madison,domains
Madge,gamed
Mackinaw,mackinaw
Macintosh,macintosh
Mac,cam
MIT,Tim
M,m
Lyon,only
Lynch,lynch
Lyman,manly
Lyle,yell
Lydia,daily
Luther,hurtle
Lupus,lupus
Luna,ulna
Luger,gruel
Luddite,diluted
Lucien,nuclei
Luce,clue
Luann,annul
Lt,Tl
Lottie,toilet
Lot,lot
Lori,roil
Lords,lords
Lord,lord
Loraine,aileron
Lora,oral
Lonnie,online
Longstreet,lorgnettes
Long,long
Loki,kilo
Loire,Lorie
Loafers,loafers
Little,little
Liston,tonsil
Listerine,resilient
Lister,liters
Lin,nil
Lily,lily
Liege,liege
Levy,levy
Leviathan,leviathan
Letha,lathe
Lestrade,treadles
Lepus,pulse
Leonel,Noelle
Lent,lent
Lenore,Lorene
Lenny,Lynne
Lenin,linen
Lenard,lander
Leeward,leeward
Leanna,anneal
Leach,leach
Layla,allay
Layamon,anomaly
Lavern,vernal
Lauri,Luria
Laurence,cerulean
Laura,aural
Latvian,valiant
Larsen,learns
Laos,also
Land,land
Lancaster,ancestral
Laius,Luisa
Lagos,goals
Labradors,larboards
Labrador,larboard
Laban,banal
L,l
Kyoto,Tokyo
Kusch,shuck
Kurt,Turk
Kuhn,hunk
Krystal,starkly
Kory,York
Koch,hock
Knight,knight
Klan,lank
Kitty,kitty
Kitchener,thickener
Kit,kit
King,king
Kiel,like
Key,key
Ken,ken
Keith,Kieth
Kay,yak
Katmai,Tamika
Kasai,Sakai
Karo,okra
Karl,lark
Kareem,remake
Kant,tank
Kans,sank
Kalb,balk
K,k
Justice,justice
Juniors,juniors
Junior,junior
Juggernaut,juggernaut
Juanita,Tijuana
Joy,joy
Joule,joule
Josh,josh
Joni,join
Johns,johns
John,john
Joesph,Joseph
Jockey,jockey
Jock,jock
Jobs,jobs
Job,job
Jinan,ninja
Jimmy,jimmy
Jewel,jewel
Jerseys,jerseys
Jersey,jersey
Jeffery,Jeffrey
Jeep,jeep
Jeanine,Jeannie
Jay,jay
Jasper,jasper
Jasmine,jasmine
Jarred,jarred
Japan,japan
Janine,Jannie
Jane,Jean
Jaguar,jaguar
Jack,jack
J,j
Iyar,airy
Ivy,ivy
Ivory,ivory
Ivan,vain
Iva,via
Ithacan,acanthi
Italy,laity
Israelite,realities
Israel,serial
Islams,missal
Islam,mails
Ishtar,Trisha
Irving,virgin
Irtish,Tishri
Iris,iris
Ira,air
Internet,internet
Intel,inlet
Inquisition,inquisition
Innocent,innocent
Ingrid,riding
Ines,sine
Indore,ironed
Indies,inside
Independence,independence
Ind,din
Ill,ill
Iliad,Lidia
Ida,aid
ING,gin
I,i
Hymen,hymen
Hunter,hunter
Hunt,hunt
Huns,shun
Hung,hung
Hull,hull
Huggins,gushing
Huff,huff
Hudson,hounds
House,house
Horus,hours
Horn,horn
Hopper,hopper
Hope,hope
Hooker,hooker
Hood,hood
Hon,Noh
Homer,homer
Holt,loth
Holst,sloth
Holocaust,holocaust
Holly,holly
Holiday,holiday
Holder,holder
Hogwarts,warthogs
Hogan,hogan
Hitlers,slither
Hitler,lither
Hiss,hiss
Hines,shine
Hill,hill
Hilbert,blither
Highness,highness
Higgins,sighing
Hicks,hicks
Heston,honest
Hess,shes
Hertz,hertz
Hersey,heresy
Herring,herring
Hermitage,hermitage
Henri,Rhine
Hellenic,chenille
Hell,hell
Helicon,Nichole
Hector,hector
Heather,heather
Heath,heath
Head,head
Hazel,hazel
Haynes,hyenas
Hayes,yeahs
Hay,hay
Hawking,hawking
Havel,halve
Hastings,stashing
Hasbro,abhors
Harry,harry
Harlow,Warhol
Harlequin,harlequin
Harlem,Mahler
Hansen,hennas
Hans,Nash
Haney,hyena
Handel,handle
Hamsun,humans
Hampton,phantom
Ham,ham
Hals,lash
Halon,halon
Hallmark,hallmark
Hall,hall
H,h
Gypsy,gypsy
Gypsies,gypsies
Guy,guy
Guineans,sanguine
Guinea,guinea
Guiana,iguana
Grus,rugs
Gross,gross
Gris,rigs
Grimes,grimes
Grey,grey
Grenadines,serenading
Greene,renege
Greeks,Kresge
Graves,graves
Grass,grass
Grant,grant
Grail,grail
Gracie,cagier
Grace,grace
Grable,garble
Goya,yoga
Goths,ghost
Gospels,gospels
Gospel,gospel
Gordian,adoring
Gopher,gopher
Goodwin,wooding
Goodwill,goodwill
Good,good
Goldsmith,goldsmith
Golding,lodging
Goa,ago
Gnostic,costing
Glover,grovel
Glen,glen
Gish,sigh
Gipsy,gipsy
Gipsies,gipsies
Gill,gill
Gibbon,gibbon
Gestapo,postage
Germans,mangers
Germanic,creaming
German,manger
Gerald,glared
Ger,erg
Georgian,Georgina
Geo,ego
Gentry,gentry
Genoa,Onega
Geneva,avenge
Gene,gene
Geiger,Reggie
Gay,gay
Gatun,gaunt
Garrison,garrison
Garland,garland
Gareth,gather
Gardner,grander
Gap,gap
Gantry,gantry
Gamble,gamble
Galvani,vaginal
Gall,gall
Gaines,easing
Gail,Gila
Gage,gage
GTE,get
GE,Ge
G,g
Fuller,fuller
Fry,fry
Fronde,fonder
Fri,fir
Frey,Frye
French,french
Freida,Frieda
Freetown,forewent
Freemason,forenames
Freeman,freeman
Freda,fared
Franks,franks
Frankfurter,frankfurter
Frank,frank
Fox,fox
Fowler,flower
Forrest,Forster
Foreman,foreman
Ford,ford
Folgers,golfers
Flowers,flowers
Flora,flora
Flint,flint
Flemish,himself
Fisher,fisher
Finley,finely
Finch,finch
Fields,fields
Fichte,fetich
Fiat,fiat
Fez,fez
Ferris,friers
Felicity,felicity
Feds,feds
Federalist,federalist
Fed,fed
Fathers,fathers
Father,father
Farsi,fairs
Farrow,farrow
Fanny,fanny
Fannie,Fenian
Faith,faith
F,f
Ezra,raze
Eyre,eery
Exodus,exodus
Everglades,everglades
Evelyn,evenly
Eve,eve
Eula,Laue
Etruscan,centaurs
Ethel,Lethe
Ethan,neath
Estonians,sensation
Establishment,establishment
Essex,sexes
Essequibo,obsequies
Essen,sense
Escher,cheers
ErvIn,riven
Errol,Lorre
Ernie,Irene
Ernestine,internees
Eritrea,tearier
Erin,rein
Erik,Keri
Ericsson,necrosis
Ericson,cronies
Erhard,harder
Erato,orate
Erasmus,masseur
Episcopal,episcopal
Epicurean,epicurean
Enterprise,enterprise
Enrique,enquire
Enif,fine
Enid,dine
English,shingle
Eng,Gen
Elvin,liven
Elvia,alive
Elroy,Leroy
Elmer,Merle
Ellis,lisle
Ella,Lela
Eliseo,Eloise
Elise,Elsie
Elinor,Lenoir
Electra,treacle
Eldon,olden
Elbrus,rubles
Elbert,treble
Eire,Erie
Einstein,nineties
Efrain,fainer
Edward,warded
Edsel,Leeds
Edison,noised
Eden,need
Edda,dead
Edams,dames
Ebert,beret
Eben,been
Eastman,Smetana
Easters,teasers
Easterner,easterner
E,e
Dyson,synod
Dylan,Lynda
Dyer,dyer
Dwayne,yawned
Dustin,nudist
Durant,tundra
Dunlap,upland
Dunbar,Durban
Dumpster,dumpster
Duke,duke
Dubcek,bucked
Druid,druid
Drudge,drudge
Drew,drew
Dresden,reddens
Dreiser,serried
Draconian,draconian
Dr,Rd
Doyle,yodel
Downy,downy
Downs,downs
Dorothea,Theodora
Doreen,redone
Dora,road
Domingo,dooming
Dodge,dodge
Doctor,doctor
Dobro,brood
Dnieper,ripened
Disney,Sidney
Dirk,dirk
Dirac,acrid
Dionne,Donnie
Dilbert,driblet
Diem,dime
Diego,dogie
Dick,dick
Di,id
Dewey,weedy
Dewar,wader
Desiree,seedier
Derrick,derrick
Derby,derby
Dennis,sinned
Denise,denies
Democrats,democrats
Democratic,democratic
Democrat,democrat
Demeter,metered
Demerol,remodel
Della,ladle
Dell,dell
Delicious,delicious
Delibes,edibles
Delbert,trebled
Delano,loaned
Del,led
Deity,deity
Deidre,deride
Decatur,traduce
Day,day
Davis,divas
Davenport,davenport
Dave,Veda
Darwin,inward
Darren,errand
Darrel,larder
Darnell,Randell
Darius,radius
Dario,radio
Dante,anted
Dan,and
Damon,nomad
Damion,domain
Dalmatians,dalmatians
Dalmatian,dalmatian
Dalian,Danial
Daley,delay
Daisy,daisy
D,d
Cyril,lyric
Cyrano,crayon
Curt,curt
Curry,curry
Curie,curie
Cummings,scumming
Ctesiphon,phonetics
Crystal,crystal
Crux,crux
Crusades,crusades
Cross,cross
Crookes,cookers
Croatians,raincoats
Croatian,raincoat
Croat,actor
Crick,crick
Crete,erect
Crest,crest
Creon,crone
Creoles,creoles
Creole,creole
Creighton,hectoring
Creek,creek
Craig,cigar
Craft,craft
Coy,coy
Cox,cox
Coward,coward
Coulter,cloture
Cotton,cotton
Cote,cote
Costner,cornets
Cossack,cassock
Corrine,cornier
Corning,corning
Cornelius,inclosure
Corine,Enrico
Cooper,cooper
Cook,cook
Continental,continental
Continent,continent
Constitution,constitution
Constable,constable
Conrail,clarion
Congreve,converge
Congresses,congresses
Congress,congress
Confederates,confederates
Confederate,confederate
Confederacy,confederacy
Concord,concord
Comte,comet
Communists,communists
Communist,communist
Communism,communism
Communions,communions
Communion,communion
Commonwealth,commonwealth
Commons,commons
Combs,combs
Comanche,coachmen
Columbine,columbine
Colon,colon
Cologne,cologne
Collier,collier
Colleen,colleen
Cokes,cokes
Coke,coke
Cohen,Enoch
Cohan,nacho
Cognac,cognac
Cockney,cockney
Cochise,choices
Cliff,cliff
Cleo,Cole
Clemons,Clemson
Clement,clement
Claus,Lucas
Clare,clear
Claire,lacier
Church,church
Chuck,chuck
Christian,Christina
Chou,ouch
Chopin,phonic
Chimera,chimera
Chile,chile
Chi,chi
Chevron,chevron
Cherry,cherry
Cheops,epochs
Chelsea,leaches
Cheer,cheer
Cheddar,cheddar
Chasity,Scythia
Chartres,charters
Charon,anchor
Charles,larches
Charity,charity
Chandra,handcar
Chandler,chandler
Chance,chance
Chambers,chambers
Chamberlain,chamberlain
Challenger,challenger
Chaitin,Chianti
Ceylon,Conley
Cesarean,cesarean
Centigrade,centigrade
Celsius,sluices
Cebu,cube
Cayenne,cayenne
Catt,tact
Cathy,yacht
Catholic,catholic
Cather,Thrace
Caterpillar,caterpillar
Castries,scariest
Cash,cash
Cascades,cascades
Carver,carver
Cartier,erratic
Carson,acorns
Carrier,carrier
Carrie,racier
Carpenter,carpenter
Caroline,Cornelia
Carnation,carnation
Carmelo,Marcelo
Carmella,Marcella
Carmela,caramel
Carlyle,clearly
Carly,Lycra
Carlene,cleaner
Carla,Clara
Carina,crania
Cardin,rancid
Capt,pact
Capri,carpi
Capitols,capitols
Caph,chap
Capella,Laplace
Cannon,cannon
Candy,candy
Candide,candied
Cancers,cancers
Cancer,cancer
Camus,sumac
Camry,Marcy
Cameron,romance
Camel,camel
Calvary,cavalry
Callisto,Castillo
Calliope,calliope
Caleb,cable
Calderon,colander
Calder,cradle
Cains,Incas
Cain,Inca
Cagney,agency
Cage,cage
Caesarean,caesarean
Caedmon,Macedon
Cabinet,cabinet
C,c
Butterfingers,butterfingers
Butler,butler
Burr,burr
Burns,burns
Burma,rumba
Burl,blur
Burks,brusk
Burger,burger
Bunker,bunker
Bullock,bullock
Buffalo,buffalo
Buddy,buddy
Buck,buck
Brut,Burt
Brummel,mumbler
Browning,browning
Brownies,brownies
Brownie,brownie
Brown,brown
Brooks,brooks
Britten,bittern
Bright,bright
Brie,bier
Bridges,bridges
Brewer,brewer
Breton,Bronte
Bray,bray
Brandy,brandy
Branden,Brendan
Brandeis,brandies
Branch,branch
Brady,Darby
Bradly,drably
Br,Rb
Boyd,body
Bowman,bowman
Bourbon,bourbon
Boulder,boulder
Boswell,bellows
Bosnia,bonsai
Borneo,Oberon
Booth,booth
Booker,Brooke
Bono,boon
Bonnie,bonnie
Bonita,obtain
Bond,bond
Bologna,bologna
Bohemians,bohemians
Bohemian,bohemian
Bobby,bobby
Bob,bob
Boas,boas
Bloomer,bloomer
Bloom,bloom
Blockbuster,blockbuster
Blake,bleak
Blair,Libra
Blacks,blacks
Black,black
Bishop,bishop
Bird,bird
Billy,billy
Billings,billings
Bill,bill
Biblical,biblical
Bibles,bibles
Bible,bible
Bib,bib
Betsy,bytes
Beryl,beryl
Bert,Bret
Berry,berry
Berra,barer
Bermuda,rumbaed
Berle,rebel
Berger,Gerber
Berg,berg
Beretta,abetter
Benton,bonnet
Bengal,bangle
Bender,bender
Beltane,tenable
Bella,label
Bell,bell
Beck,beck
Beau,beau
Beach,beach
Be,be
Batman,bantam
Bass,bass
Bart,brat
Barney,nearby
Barker,barker
Barents,banters
Barbie,babier
Barber,barber
Baptists,baptists
Baptist,baptist
Bannister,bannister
Banneker,Bernanke
Banks,banks
Bangui,Ubangi
Bangor,brogan
Ball,ball
Balinese,baseline
Bali,bail
Badlands,badlands
Bacon,bacon
Babels,babels
Babel,babel
Baathist,habitats
B,b
Ayers,years
Avila,avail
Aventine,Venetian
Ave,Eva
Av,Va
Autumn,autumn
Australian,Saturnalia
Austins,sustain
Austin,Unitas
Austen,unseat
August,august
Auden,Duane
Atreus,Seurat
Atlases,atlases
Atlas,atlas
Athens,hasten
Astrakhan,astrakhan
Assam,amass
Aspell,lapels
Asoka,Osaka
Asmara,Samara
Ashley,Halsey
Ashe,Shea
Ashanti,Tanisha
As,as
Artie,irate
Artemis,maestri
Arnhem,Herman
Arline,linear
Arlene,leaner
Ark,ark
Aristotelian,retaliations
Argus,sugar
Argentine,tangerine
Arctic,arctic
Archie,achier
Arabs,Basra
Ar,Ra
Aprils,spiral
Apple,apple
Aphrodite,atrophied
Anzac,Nazca
Antipas,patinas
Antigone,negation
Antarctic,antarctic
Anshan,Shanna
Annie,inane
Annette,Nanette
Annam,manna
Ann,Nan
Anita,Tania
Angoras,angoras
Angora,angora
Angola,analog
Angela,galena
Android,android
Andretti,nitrated
Andrei,rained
Andersen,ensnared
Andean,Deanna
Anchorage,anchorage
Ampere,ampere
Amherst,hamster
American,Cinerama
Amber,amber
Amazons,amazons
Amazon,amazon
Amaru,Maura
Alyce,Lacey
Alvin,anvil
Alva,lava
Altair,lariat
Alsop,opals
Alnilam,Manilla
Almighty,almighty
Alma,lama
Alissa,assail
Alisa,alias
Alice,Celia
Algol,Gallo
Algeria,regalia
Alfred,flared
Alex,axle
Alec,lace
Aldo,load
Alcuin,Lucian
Alcmena,manacle
Alcindor,ironclad
Albion,albino
Alberto,Latrobe
Alberio,Albireo
Alba,Baal
Alaric,racial
Akron,Koran
Aileen,Elaine
Ag,Ga
Afro,fora
Afghans,afghans
Afghan,afghan
Advents,advents
Advent,advent
Adler,alder
Adeline,aliened
Addie,aided
Addams,Saddam
Adan,Dana
Acton,canto
Ac,Ca
Abner,Arneb
Abby,baby
A,a
